Num,Hotel Name,Price,Rating,Comments Count,Address
2,7天连锁酒店(北京首都机场二店),¥155起,4.6,共2588条点评,天竺镇天柱东路4号润通大厦A座
3,格林豪泰(北京首都机场T3馨港店),¥268起,4.6,共2476条点评,李桥镇李天路甲1号
4,北京隐居繁华青年旅舍,¥46起,4.7,共1110条点评,十里河弘善家园205号楼1-107
5,7天连锁酒店(北京五棵松301解放军总医院店),¥281起,4.9,共2766条点评,西四环中路82号院13号楼
6,京康隆酒店(北京传媒大学西门店),¥106起,4.6,共1610条点评,定福庄西街甲6号
7,格林豪泰(北京朝阳区马泉营地铁站店),¥245起,4.8,共876条点评,马泉营西路旧货市场西门东行270米
8,如家酒店(北京上地安宁庄东路店),¥313起,4.8,共357条点评,清河小营安宁庄东路18号20号楼
9,7天优品酒店(北京花园桥地铁站店),¥583起,4.6,共2164条点评,车公庄西路33号
10,如家酒店(北京潘家园店),¥617起,4.8,共1838条点评,弘善家园304号
11,西柚青年旅宿(北京国展三元桥店),¥84起,4.8,共1259条点评,朝阳党校路静安庄一区5号楼
12,锦江之星酒店(北京酒仙桥电子城朝阳高铁站店),¥306起,4.8,共1161条点评,驼房营西里甲1号
13,途客中国轻居酒店(首都机场店),¥317起,4.9,共133条点评,首都机场南路甲一号
14,7天连锁酒店(北京国家会议中心北沙滩地铁站店),¥292起,4.4,共883条点评,北沙滩一号院中国农机院西门院内
15,如家商旅酒店(北京清华大学五道口地铁站店),¥522起,4.8,共1386条点评,成府路35号-5
16,北岸·轻居酒店(北京中关村大钟寺广场店),¥446起,4.9,共1402条点评,中关村东路123号2号楼
17,格林豪泰联盟酒店(北京西站北广场世纪坛医院),¥493起,4.6,共1981条点评,羊坊店路21号
18,速8酒店(北京五道口地铁站店),¥475起,4.6,共1593条点评,北四环中路279号展春园小区19号
19,IU酒店(北京中关村人民大学苏州街地铁站店),¥397起,4.7,共1330条点评,海淀南路28号
20,汉庭酒店(北京世纪金源店),¥349起,4.4,共956条点评,远大路1号世纪金源B区三层
21,汉庭酒店(北京阜成门阜外医院店),¥562起,4.9,共718条点评,南礼士路3号海通大厦B座
22,希岸·轻雅酒店(北京顺义地铁站店),¥218起,4.8,共1219条点评,仁和镇中山南街8号1幢3至5层(与便民街交汇处)
23,汉庭酒店(北京世纪金源店),¥349起,4.4,共956条点评,远大路1号世纪金源B区三层
24,格林豪泰(北京云岗路店),¥246起,4.9,共347条点评,云岗路140号
25,格林豪泰(北京林萃路店),¥307起,4.8,共450条点评,东升镇马坊村观景园小区西侧底商(马坊新村二期A号公建)三、四、五层
26,锐·柏茵酒店(北京玉泉路水魔方店),¥198起,4.4,共594条点评,小屯路4号3号楼
27,七巧屋酒店(北京南站草桥地铁站店),¥281起,4.8,共3171条点评,草桥欣园四区一号楼商业1-2层
28,汉庭酒店(北京石景山万达店),¥324起,4.9,共763条点评,鲁谷大街51号(与张仪村交叉口)
29,7天连锁酒店(北京海淀上庄店),¥226起,4.6,共758条点评,上庄镇常乐路镇政府往北500米路西
30,汉庭酒店(北京五道口清华园店),¥400起,4.9,共430条点评,双清路14号院
31,汉庭酒店(北京朝阳站火车站店),¥420起,4.8,共1230条点评,石佛营东里甲1号3号楼
32,7天优品酒店(北京天坛医院丰台火车站店),¥292起,4.2,共496条点评,新华街一里14号
33,汉庭酒店(北京石景山苹果园店),¥384起,4.9,共388条点评,"苹果园南路甲11号1幢3,4,5层"
34,7天优品酒店(北京东四南锣鼓巷店),¥669起,4.6,共1494条点评,东四六条45号
35,格林豪泰酒店(北京天坛光明桥肿瘤医院店),¥551起,4.7,共1673条点评,劲松7区725号
36,汉庭酒店(北京师范大学积水潭店),¥546起,4.8,共884条点评,学院南路4号
37,速8酒店(北京奥林匹克公园宝盛里店),¥224起,4.4,共373条点评,永泰庄东路南口东滨河4号
38,7天连锁酒店(北京鸟巢国家会议中心店),¥373起,4.4,共1085条点评,小营路8号
39,汉庭酒店(北京中关村店),¥440起,4.9,共684条点评,丹棱街16号海兴大厦B座
40,北京白塔之光酒店,¥162起,4.8,共706条点评,阜成门内大街185号
41,汉庭酒店(北京中关村学院桥地铁站店),¥591起,5.0,共433条点评,学院路31号6号楼
42,汉庭酒店(北京华贸远洋中心店),¥442起,4.9,共645条点评,延静里中街3号院11号楼(红领巾桥南)
43,汉庭酒店(北京酒仙桥798店),¥349起,4.9,共589条点评,酒仙桥路13号
44,格林豪泰智选酒店(北京首都机场新国展地铁站店),¥224起,4.6,共413条点评,空港工业园A区天柱西路24号
45,美程青居酒店(王府井协和医院店),¥685起,4.5,共1193条点评,灯市口大街57号
46,IU酒店(北京丽泽商务区七里庄地铁站店),¥388起,4.6,共1041条点评,万丰路300号
47,派柏·云酒店(北京崇文门地铁站同仁医院店),¥238起,4.4,共286条点评,国瑞北路70号
48,汉庭酒店(北京西直门店),¥613起,4.8,共1126条点评,西直门北大街联慧路88号
49,汉庭酒店(北京五棵松体育馆万达广场店),¥518起,4.8,共730条点评,西翠路17号院24号楼
50,如家华驿精选酒店(北京杜家坎园博园店),¥311起,4.9,共313条点评,长兴路12号中体奥园一区30号楼
51,速8酒店(北京国展西坝河地铁站店),¥462起,4.5,共1247条点评,西坝河北里甲8号三层317
52,如宜酒店(中关村学院南路店),¥513起,4.9,共93条点评,学院南路15号院10号楼2层
53,心动酒店(北京三里屯国展店),¥346起,4.5,共880条点评,新源街45-1号
54,金泰之家酒店(北京南站店),¥703起,4.9,共1607条点评,永外彭庄甲58号
55,城家公寓(北京北工大欢乐谷地铁站店),¥235起,4.6,共214条点评,金蝉西路甲一号酷车小镇R商务楼
56,格林豪泰酒店(北京北苑路北地铁站航空总医院店),¥307起,4.8,共790条点评,红军营南路甲6号
57,如家酒店(北京雍和宫和平里东街林业局店),¥427起,4.3,共329条点评,和平里东街交林夹道5号C座
58,如家商旅酒店(北京中关村南大街国家图书馆店),¥503起,4.5,共337条点评,中关村南大街40号院4号楼
59,柏曼酒店(北京南站草桥地铁站店),¥434起,4.6,共592条点评,镇国寺北街百姓生活广场6号楼2层
60,海友酒店(北京交通大学西门店),¥406起,4.6,共248条点评,高粱桥斜街15号
61,漫居酒店(北京国贸店),¥655起,4.9,共389条点评,八里庄街道西大望路北5号
62,登巴客栈(北京五道口店),¥96起,4.5,共1000条点评,展春园西路蓟鑫大厦2-3楼
63,科苑酒店(北京中关村地铁站店),¥367起,4.5,共174条点评,北四环西路18号
64,7天优品(北京总部基地店),¥272起,4.5,共717条点评,外环西路26号院63号楼
65,柏岭优选酒店(北京首都机场T3航站楼店),¥288起,4.8,共1006条点评,南半壁店村壁富路甲一号北区6号楼
66,7天优品酒店(北京方庄地铁站店),¥361起,4.6,共555条点评,方庄南路于家坟157号
67,海友酒店(北京鸟巢店),¥195起,4.6,共681条点评,育慧北路8号(与小营东路交口)
68,登巴连锁客栈(北京国展柳芳地铁站店),¥77起,4.5,共469条点评,西坝河南里17号楼中国联通西坝河营业厅二层
69,非常印象江南居民宿,¥283起,4.6,共29条点评,十八里店乡老君堂村1256号-1一层
70,成铭公寓(北京望京科技园店),¥393起,5.0,共30条点评,博雅国际中心B座
71,如家酒店(北京北清路航天城店),¥260起,4.7,共223条点评,友谊路118号燕保辛店家园6号楼301室
72,季枫精选酒店(北京中关村苏州街店),¥550起,4.6,共1228条点评,苏州街19号二三层
73,如家酒店(北京花园桥首都师范大学店),¥444起,4.8,共672条点评,北洼路28号
74,青年假日酒店(北京北大口腔医院民大店),¥391起,4.4,共455条点评,民族大学西路58号
75,派酒店(北京牡丹园龙翔路北大第三医院店),¥268起,4.2,共359条点评,龙翔路12号
76,速8精选酒店(北京方庄地铁站肿瘤医院店),¥466起,4.8,共352条点评,十八里店紫芳路五号院3号楼
77,驿家酒店(北京金台路地铁站店),¥298起,4.4,共232条点评,朝阳北路177号
78,格林豪泰(北京菜市口宣武医院店),¥610起,4.7,共641条点评,狮子店胡同11号
79,7天优品酒店(北京协和医院王府井地铁站店),¥819起,4.6,共1985条点评,王府井大街277号44号楼老北京风情街院内
80,金鼎海天商务宾馆(北京三元桥地铁站国际展览中心店),¥592起,4.9,共53条点评,左家庄北里31号楼
81,智途雅居公寓(北京国贸金茂府店),¥670起,4.9,共159条点评,广渠路15号金茂府23号院6号楼712
82,励业公寓酒店(北京欢乐谷垡头地铁站店),¥352起,4.6,共491条点评,垡头西里24号
83,北京怡景商务酒店,¥422起,4.4,共477条点评,北太平庄马甸南路2号院七省办事处内
84,锦江之星(北京三元桥燕莎国际展览中心店),¥475起,4.5,共279条点评,左家庄北里5号
85,布丁精选酒店(北京国贸建国门店),¥424起,4.5,共1122条点评,建国门外永安里中街25号2幢(海川大厦)5-11层
86,Zsmart智尚酒店(北京南站大兴机场线草桥地铁站店),¥296起,4.0,共297条点评,北甲地路十号院镇国寺北街永辉超市3层
87,北京水晶之恋公寓(望京悠乐汇店),¥307起,4.6,共219条点评,望京园602号悠乐汇D座1层112室
88,7天连锁酒店(北京丰台站天坛医院店),¥323起,4.6,共429条点评,韩庄子西里16号
89,北京盛凯酒店,¥569起,4.2,共284条点评,莲怡园东路10号楼11号
90,速8精选酒店(北京首都机场新国展展览中心店),¥355起,4.9,共330条点评,天竺镇天柱东路甲18号
91,北京白裕兰酒店(常营地铁站朝阳医院常营院区店),¥399起,4.8,共53条点评,常营镇常惠路2号楼
92,海友酒店(北京天安门国家大剧院店),¥783起,4.9,共497条点评,北新华街后细瓦厂胡同31号
93,锦江之星(北京动物园店),¥581起,4.6,共613条点评,西外大街德宝新园11号5栋
94,北京雷龙宾馆(西直门积水潭地铁站店),¥451起,4.3,共189条点评,后坑胡同43号
95,知和行酒店(朝阳高铁站十里堡地铁站店),¥79起,4.3,共34条点评,八里庄北里305号楼三层
96,全季酒店(北京首都机场T3航站楼店),¥974起,4.9,共1057条点评,首都国际机场三号航站楼A2层W1
97,空科宾馆(北京中关村知春路地铁站店),¥510起,4.7,共108条点评,中关村南二条一号
98,合生麒麟社公寓(北京望京SOHO店),¥406起,4.5,共95条点评,望京合生麒麟社2号楼
99,汉庭酒店(北京马甸桥店),¥610起,4.8,共978条点评,北三环中路18号
100,皓阳宾馆(北京前门天安门广场店),¥930起,4.7,共2585条点评,前门西大街正阳市场4号楼
101,一禾公寓(北京望京soho店),¥434起,4.9,共78条点评,望京阜通西大街与望京街和阜安西路交汇处合生麒麟社2号楼1层
2,杭州拣枝而栖青年旅舍(宝善桥地铁站店),¥41起,4.9,共1122条点评,潮鸣街道刀茅巷裕达大厦六楼601
3,杭州灯火阑珊青年旅舍,¥49起,4.9,共1419条点评,西兴街道滨盛路1509号天恒大厦205室
4,杭州Family尚客青年旅社,¥30起,5.0,共7839条点评,萧绍路960一楼
5,杭州武林国际城市营地(西湖武林门地铁站店),¥57起,4.7,共1510条点评,下城区体育场路409号万华商务楼B座9楼
6,庭酒店(杭州阿里巴巴西溪园区店),¥111起,4.8,共2137条点评,五常街道高教路970-1号西溪联合科技广场1号楼
7,恒祺壹号青年旅舍(杭州东站店),¥64起,4.9,共195条点评,恒祺克拉天玺商务中心5座823室
8,如家酒店·neo(杭州西湖湖滨步行街音乐喷泉店),¥469起,4.4,共2352条点评,平海路58号(旺角大楼3楼)
9,派酒店(杭州下沙文海南路地铁站店),¥128起,4.7,共2045条点评,"下沙新加坡科技园学正街386号阳光创富中心北1幢501室,601,701,801室"
10,星城空禅精品社交青年旅社(杭州婺江路地铁站店),¥62起,4.7,共1642条点评,秋涛路258号秋涛发展大厦C座7楼
11,怡莱酒店(杭州下沙学正街店),¥82起,4.8,共452条点评,下沙学正街567号金沙居B座三楼
12,汉庭酒店(杭州萧山机场店),¥168起,4.8,共2002条点评,红山农场红山大道55号
13,优品酒店(杭州萧山国际机场店),¥200起,4.9,共1383条点评,红山农场先锋路358号
14,7天连锁酒店(杭州下沙店),¥129起,4.7,共2161条点评,海达南路129号
15,庭酒店(杭州文一路翠苑店),¥175起,4.9,共2112条点评,文一路294号-3F
16,暮色假日酒店(杭州火车东站店),¥88起,4.9,共1758条点评,麦庙街新风丽都北苑底商56号
17,布丁严选酒店(杭州丁兰龙湖天街桃花湖地铁站店),¥110起,4.5,共472条点评,环丁路10号
18,望达斯青年旅舍(杭州西湖河坊街店),¥63起,4.4,共1018条点评,河坊街173号-小井巷21号，近南宋御街
19,新丁香酒店(杭州萧山国际机场永盛路地铁站店),¥165起,4.6,共1799条点评,空港经济开发区空港新天地3号楼6楼
20,格丽酒店(杭州西湖科技园池华街地铁站店),¥266起,4.6,共178条点评,三墩镇紫萱路279号领富商务中心7幢东2门
21,汉庭酒店(杭州四季青服装市场店),¥385起,4.9,共872条点评,清江路122号
22,汉庭酒店(杭州萧山机场永盛路地铁站店),¥157起,4.9,共167条点评,靖江街道空港新天地1-101号商铺
23,7天连锁酒店(杭州人民广场地铁站店),¥165起,4.7,共2295条点评,金惠路300号
24,杭州鸿菲酒店公寓(火车东站西广场店),¥297起,4.5,共1082条点评,新风路288号(红街天城四幢)
25,自如驿青年旅舍(杭州大运河店),¥86起,4.9,共1386条点评,上塘路运河广场5号
26,澜奢酒店(杭州武林广场沈塘桥地铁站店),¥340起,4.7,共1677条点评,马塍路10号
27,如家酒店(杭州武林广场朝晖路运河店),¥233起,4.6,共866条点评,朝晖路12号流水东苑11幢
28,OMGA电竞酒店(杭州高沙地铁站店),¥168起,4.8,共841条点评,下沙天城东路130号北苑大厦5号楼三楼
29,艾斯博格公寓(杭州未来科技城店),¥227起,4.9,共1378条点评,仓前街道银天金城1幢1楼107室(前台)
30,汉庭酒店(杭州火车东站机场路店),¥241起,4.9,共425条点评,机场路108号
31,汉庭酒店(杭州时代大道店),¥203起,4.9,共439条点评,闻堰街道时代大道3919号
32,慧梵·追梦公寓(理想银泰城临平地铁站店),¥165起,4.9,共1611条点评,世纪大道118号临平理想银泰城公寓A座23楼2313室
33,爱电竞酒店(杭州萧山火车南站店),¥319起,4.9,共258条点评,商城北路98号108室
34,YUNIK-电竞酒店(杭州东站佰富时代中心店),¥260起,4.9,共134条点评,佰富时代中心2幢2楼
35,汉庭酒店(杭州龙湖滨江天街江南大道店),¥253起,4.6,共1150条点评,月明路1168号
36,此印酒店(杭州华丰路地铁站店),¥238起,4.8,共1674条点评,华丰路228号
37,网鱼电竞酒店(杭州东站店),¥297起,5.0,共26条点评,联合麦田大厦713室
38,怡莱酒店(杭州武林广场店),¥318起,4.8,共673条点评,体育场路216号田家桥2号，体育场路和中河高架交叉口
39,如家酒店(杭州西湖黄龙万科中心颐高店),¥333起,4.6,共714条点评,黄姑山路11号
40,杭州和丽精品酒店,¥342起,4.5,共2066条点评,范家路219号
41,杭州格姆顿酒店(钱江新城店),¥361起,5.0,共82条点评,万潮星汇大厦2幢502室
42,木兮未来公寓(杭州EFC欧美金融城店),¥217起,4.8,共2099条点评,仓前街道欧美金融城澳洲中心T7-421
43,顾猫宁公寓(杭州银泰新天地购物中心店),¥285起,4.9,共1960条点评,新天地东方茂商业中心4幢11楼1118室
44,汉庭酒店(杭州中泰地铁站店),¥142起,4.9,共584条点评,中泰路405号-1(中泰商贸城)
45,慧梵·追梦公寓(理想银泰城临平地铁站店),¥165起,4.9,共1611条点评,世纪大道118号临平理想银泰城公寓A座23楼2313室
46,唐庭酒店(杭州火车东站西广场店),¥86起,4.6,共1117条点评,新风路与麦庙街交口明桂南苑底商1幢4号
47,如家酒店(杭州萧山万象汇人民广场地铁站店),¥132起,4.6,共471条点评,金城路451号太古广场(颐高数码)
48,汉庭酒店(杭州三墩西湖科技园店),¥256起,4.9,共267条点评,振华路200号瑞鼎大厦A座
49,海友酒店(杭州西溪联胜路地铁站店),¥198起,4.8,共468条点评,五常街道联胜路9号4号楼101室
50,如家派柏.云酒店(杭州九堡地铁站店),¥154起,4.5,共430条点评,杭海路1179号
51,布丁酒店(杭州紫金港三墩同仁广场店),¥98起,4.4,共357条点评,三墩镇同仁家园同仁阁203-303
52,如家酒店·neo(杭州体育场路丝绸城店),¥438起,4.8,共1440条点评,体育场路50号
53,汉庭酒店(杭州火车东站店),¥406起,4.8,共1122条点评,天城路87号
54,汉庭酒店(杭州九堡地铁站店),¥254起,4.9,共263条点评,杭海路1183号
55,如家酒店(杭州四季青服装市场庆春东路店),¥222起,4.4,共669条点评,庆春东路66-8号
56,如家酒店(杭州西湖科技园浙大紫金港校区振华路店),¥255起,4.5,共675条点评,振华路199号
57,如家酒店(杭州好运路杭行路地铁站店),¥227起,4.8,共885条点评,好运路193号
58,如家酒店·neo(杭州河坊街江城路地铁站店),¥322起,4.3,共726条点评,斗富二桥40号
59,如家酒店NEO(杭州庆春路中山北路店),¥367起,4.1,共869条点评,庆春路148号
60,布丁酒店(杭州汽车南站店),¥231起,4.2,共183条点评,秋涛路256号秋涛发展大厦C座4层
61,锐思特酒店(杭州西湖武林广场凤起路地铁站店),¥456起,4.5,共1106条点评,仙林桥直街18号
62,布丁酒店(杭州汽车南站店),¥231起,4.2,共183条点评,秋涛路256号秋涛发展大厦C座4层
63,青皮树酒店(杭州临安钱王大街店),¥121起,4.3,共252条点评,钱王街1365号
64,ANYA Hotel(杭州星澜里店),¥327起,4.8,共238条点评,西兴街道西兴路2333号兴耀星澜之城T2幢2楼
65,如家酒店(杭州下沙文渊路传媒学院店),¥152起,4.5,共691条点评,下沙文渊路291号
66,亚伯瀚姆·湖景公寓(杭州大江东宝龙广场店),¥122起,4.9,共1153条点评,大江东宝龙广场55幢(D座)408
67,汉庭优佳酒店(杭州公望街地铁站店),¥171起,4.9,共526条点评,富春街道公望街471-5二楼、471-6二楼
68,普宿青年旅舍(杭州站店),¥47起,4.4,共206条点评,清泰街509号富春大厦4楼
69,杭州驿联酒店,¥162起,4.9,共602条点评,临平街道星火南路26号1楼
70,湖诗民宿(西湖浙二医院店),¥281起,5.0,共4条点评,清泰街456号
71,优美电竞酒店(杭州下沙传媒大学店),¥158起,4.9,共230条点评,学源街1138-2号
72,华人易居公寓(杭州永和之星新街地铁站店),¥235起,4.9,共852条点评,戚枫西路永和之星名座2幢10楼1008室
73,嘉睿·云宿(浙一医院杭州火车西站店),¥208起,5.0,共94条点评,余杭塘路2853号宝晋未来商业中心7幢1层
74,怡莱精品酒店(杭州萧山银隆百货市心中路店),¥153起,4.4,共324条点评,市心中路258号银隆百货B座一楼
75,如家酒店(杭州天目山路西溪店),¥427起,4.7,共1239条点评,天目山路325号
76,海友酒店(杭州西湖科技园紫萱路店),¥195起,4.8,共241条点评,紫萱路279号
77,麦尖竞宿电竞酒店(滨江星光大道江汉路地铁站店),¥280起,4.8,共741条点评,泰安路9号星光中心11楼
78,如家酒店(杭州文二路学院地铁站黄龙万科中心店),¥271起,4.5,共583条点评,学院路151号
79,汉庭酒店(杭州大悦城店),¥342起,5.0,共1075条点评,莫干山路691号(与余杭塘路交叉口处)
80,汉庭酒店(杭州文三路地铁站店),¥335起,4.6,共402条点评,文三路453号中茵大厦A座
81,网鱼电竞酒店(浙江工业大学店),¥384起,4.9,共10条点评,绍兴路400号
82,如家酒店(杭州文二路学院地铁站黄龙万科中心店),¥271起,4.5,共583条点评,学院路151号
83,汉庭酒店(杭州文三路地铁站店),¥335起,4.6,共402条点评,文三路453号中茵大厦A座
84,细拉公寓式酒店(杭州银泰城临平地铁站店),¥136起,4.9,共405条点评,南苑街道世纪大道118号理想银泰城A座2610号
85,Zsmart智尚酒店(杭州万达广场汽车城店),¥156起,4.6,共512条点评,广丰街101号宜家时代大厦1幢
86,澳美·影院美宿(九堡四季青服装大市场店),¥174起,4.9,共49条点评,云裳直街九天泽一金座2幢2单元326A
87,柒禧云服务式公寓(杭州EFC欧美金融城店),¥212起,4.9,共891条点评,仓前街道欧美金融城T7南楼-424
88,杭州晚舟酒店(新镇路地铁站店),¥109起,4.1,共320条点评,钱塘新区义蓬街道金融路159号
89,亚杭公寓(杭州火车西站浙一医院店),¥149起,4.8,共21条点评,仓前街道富力中心2幢24楼2401室
90,杭州奥悦酒店(人民路地铁站店),¥156起,4.7,共713条点评,城厢街道新世纪广场A座3层
91,杭州临安罗雅酒店,¥203起,4.9,共342条点评,石镜街888号
92,梦想爱家酒店(杭州临平银泰地铁站店),¥113起,4.3,共140条点评,迎宾路570-4号201室
93,杭州乐家酒店式公寓万通中心店,¥314起,4.8,共625条点评,万通中心b座3楼307房
94,布丁酒店(杭州西湖武林夜市店),¥382起,4.2,共965条点评,中山北路171号观巷4号
95,天后-碳先生酒店(下沙大学城传媒学院店),¥165起,4.9,共54条点评,下沙街道学源街1165号
96,杭州铂恩城市酒店(下沙金沙湖地铁站店),¥317起,4.9,共618条点评,金沙大道滟澜星座2幢1楼
97,汉庭酒店(杭州四季青钱江新城店),¥366起,4.9,共932条点评,采荷路21号
98,UG电竞酒店(杭州西湖湖滨in77店),¥364起,4.6,共192条点评,延安路310号1楼
99,杭州家乡园度假酒店(火车南站银泰百货店),¥251起,4.9,共186条点评,通惠南路455号
100,汉庭酒店(杭州滨康路店),¥278起,4.5,共357条点评,滨康路341号(浙商银行旁)
101,汉庭酒店(杭州武林广场店),¥548起,4.8,共1509条点评,体育场路436号
2,九悦青年旅社,¥47起,4.6,共74条点评,苏站路1398号喜临门商业广场2幢
3,布丁酒店(苏州观前街平江路店),¥232起,4.6,共1382条点评,临顿路142-1号
4,金智生活酒店(苏州三里桥美食一条街店),¥181起,4.8,共2261条点评,运东大道1088号
5,晚归·精选酒店(苏州高铁北站渭塘店),¥196起,4.8,共5172条点评,渭星街26号(渭塘商苑北街与渭星街交汇处东北角)
6,格林豪泰(苏州市科技城店),¥263起,4.9,共916条点评,新区科技城科创路18号
7,IU酒店(苏州独墅湖高教区月亮湾地铁站店),¥248起,4.6,共1532条点评,月亮湾路11号星湖天地101-102
8,格林豪泰酒店(苏州盛泽东方纺织城店),¥191起,4.9,共841条点评,盛泽镇舜湖西路159号金城商业中心2幢105
9,锦江之星(苏州火车站北广场店),¥511起,4.8,共3476条点评,苏站路1455号(火车站北广场汽车客运站北四楼)
10,如家酒店·neo(苏州吴江盛泽财富中心店),¥251起,4.9,共389条点评,西二环路1999号财富中心
11,艺龙安云酒店(苏州国际博览中心美式店),¥232起,4.6,共357条点评,工业园区海悦花园六区1幢101-5号
12,艺选安來酒店(苏州吴江中山北路步行街店),¥241起,4.6,共739条点评,松陵镇中山北路98号
13,艺选安來酒店(苏州木渎灵岩山景区店),¥279起,4.9,共773条点评,木渎镇惠灵路200号
14,格林联盟(苏州园区奥体中心联丰广场店),¥222起,4.6,共1279条点评,苏州工业园区联丰商业广场5幢
15,如家酒店·neo(苏州金鸡湖博览中心星湖街地铁站店),¥526起,4.9,共1507条点评,星湖街与苏州大道东交汇金鸡湖商业广场4幢105
16,城市便捷酒店(苏州运东大道店),¥225起,4.9,共560条点评,运东大道1155号
17,汉庭酒店(苏州工业园区时尚舞台店),¥251起,4.9,共304条点评,双圩路105号悦东商务中心1幢一楼
18,汉庭酒店(苏州园区北店),¥424起,4.9,共475条点评,星湖街9号青剑湖商业广场内
19,汉庭酒店(苏州火车站南广场店),¥473起,4.9,共1128条点评,人民路2178号
20,汉庭酒店(苏州吴江开发区店),¥258起,4.8,共824条点评,运东大道1088号
21,苏州花惜美拾酒店(吴中石湖东路店),¥509起,4.9,共2883条点评,枫津路139号1幢
22,城市便捷酒店(苏州运东大道店),¥225起,4.9,共560条点评,运东大道1155号
23,莫泰酒店(苏州园区北店),¥289起,4.8,共481条点评,工业园区亭盛街50号唯盛邻里中心
24,晚归·精选酒店(苏州吴江盛泽东方纺织城店),¥183起,5.0,共6665条点评,舜湖西路168号
25,艺选安來酒店(苏州独墅湖高教区店),¥214起,4.5,共226条点评,星湖街818号星湖名轩花园121幢207室
26,如家酒店·neo(苏州吴江横扇广场店),¥188起,4.9,共209条点评,横扇街道大桥路420号
27,东润酒店(苏州兴贤桥北有轨电车站店),¥188起,4.5,共819条点评,文昌路351号兴贤商业广场2号楼
28,苏州品珍福地大酒店,¥546起,4.8,共3214条点评,阊胥路124号
29,7天连锁酒店(苏州独墅湖高教园区文星广场店),¥153起,4.4,共1072条点评,独墅湖高教区仁爱路文星广场4楼
30,格林豪泰(苏州太平镇高铁北站店),¥197起,4.4,共356条点评,太平镇金澄路金澄天地花园11幢101
31,如家派柏·云酒店(苏州吴江同里古镇店),¥269起,4.8,共434条点评,同里镇环湖西路318号
32,浅玥酒店(苏州浒墅关兴贤路店),¥295起,4.9,共800条点评,兴贤路630号
33,汉庭酒店(苏州相城嘉元路店),¥397起,4.8,共756条点评,嘉元路588号
34,格林豪泰(苏州工业园区胜浦镇新胜路店),¥214起,4.9,共586条点评,工业园区胜浦镇新胜路(新盛商业广场东侧)
35,尚客优酒店(苏州独墅湖高教区文星广场店),¥178起,4.4,共278条点评,独墅湖高校区文星广场3F
36,海友酒店(苏州园区北店),¥188起,4.8,共156条点评,唯华路3号君地新大陆9号2单元7-8层
37,爱电竞酒店(苏州东吴北路宝带路地铁站店),¥399起,5.0,共498条点评,东吴北路101号
38,格林豪泰(苏州独墅湖双银国际金融城店),¥310起,4.9,共755条点评,郭巷东方大道1388号双银国际金融城3号楼
39,如家酒店·neo(苏州木渎古镇灵岩山地铁站店),¥340起,4.8,共756条点评,木渎镇惠灵路2号
40,汉庭酒店(苏州观前街中心店),¥771起,4.9,共3277条点评,人民路1331号
41,消泾喜溪民宿,¥522起,4.4,共38条点评,阳澄湖镇消泾村湘石路88号
42,怡莱酒店(苏州东沙湖星华街轻奢店),¥211起,4.8,共293条点评,雅戈尔太阳城6幢101
43,曝米花影院酒店(苏州相城活力岛地铁站店),¥322起,4.8,共1963条点评,黄桥春申湖西路902号
44,迷白艺术酒店(苏州吴江盛泽东方纺织城店),¥182起,4.9,共1246条点评,盛泽镇盛泽大道3号
45,布丁酒店(苏州木渎古镇花苑街地铁站店),¥187起,4.7,共1145条点评,木渎镇金山南路27号金沙国际大厦
46,汉庭酒店(苏州独墅湖高教区店),¥243起,4.9,共609条点评,工业园区普惠路57号
47,格林豪泰(苏州太湖胥口镇政府店),¥243起,4.6,共558条点评,胥口镇孙武路606号
48,苏州明月快捷酒店,¥124起,4.2,共788条点评,鲈乡南路2487号
49,如家酒店·neo(苏州独墅湖高校区月亮湾地铁站店),¥372起,4.8,共462条点评,星湖街218号鲜橙广场
50,怡莱酒店(苏州相城大道店),¥319起,4.8,共450条点评,相城大道789号凯翔大厦
51,汉庭酒店(苏州园区奥体中心店),¥313起,4.8,共462条点评,南榭雨街9号凤凰新天地商业广场41幢103号
52,如家酒店(苏州独墅湖西交利物浦大学文星广场店),¥227起,4.6,共507条点评,独墅湖仁爱路20号文星广场3层
53,如家酒店(苏州长江路店),¥315起,4.9,共689条点评,高新区长江路817号
54,汉庭酒店(苏州吴中万达广场店),¥366起,4.9,共891条点评,苏蠡路36号
55,锦江之星酒店(苏州新区高铁站白洋湾店),¥448起,4.9,共723条点评,金筑街408号
56,格盟酒店(苏州相城区东桥店),¥181起,4.4,共177条点评,东桥镇长康北路88号
57,苏州南山公寓(高铁北站店),¥327起,4.8,共363条点评,南天成路66号万汇大厦合景昕舍1号楼
58,昆伦酒店(苏州团结桥地铁站店),¥460起,4.8,共1385条点评,东吴北路154号
59,莫泰168(苏州园区博览中心唐庄地铁站店),¥475起,4.8,共784条点评,跨阳路临芳苑商业广场
60,锦江之星酒店(苏州三香广场地铁站店),¥540起,4.7,共1554条点评,三香路680号(北门饭店旁)
61,黑桃King电竞酒店(东吴龙湖天街店),¥497起,4.8,共453条点评,东吴南路173号
62,黑桃King电竞酒店(东吴龙湖天街店),¥497起,4.8,共453条点评,东吴南路173号
63,锦江之星(同里华东商业城店),¥195起,4.7,共625条点评,庞北路252号
64,格林豪泰(苏州园区阳澄湖唯亭旺角华谊影视城店),¥221起,4.3,共302条点评,唯亭镇金陵西路168号
65,格林豪泰(苏州市工业园区星龙街店),¥244起,4.6,共595条点评,工业园区星龙街298号
66,海友酒店(苏州石路山塘街店),¥437起,4.8,共781条点评,阊胥路733号
67,花居酒店(苏州太湖胥口地铁站店),¥338起,4.8,共1271条点评,胥口镇东大街49号
68,格林豪泰酒店(苏州吴江东太湖旅游度假区店),¥327起,4.9,共508条点评,风清街199号鑫蹊大厦2幢
69,格林豪泰酒店(苏州乐园天平学院店),¥248起,4.6,共414条点评,长江路9号长江壹号商业广场6号楼
70,汉庭酒店(苏州大学葑门店),¥514起,4.9,共1305条点评,葑门路10号
71,格林豪泰酒店(苏州相城活力岛地铁站店),¥451起,4.5,共1621条点评,黄桥街道春申湖西路906号
72,爱电竞酒店(苏州观前街店),¥517起,4.8,共679条点评,人民路1309号4楼403室-404室
73,汉庭酒店(苏州国际教育园店),¥325起,4.9,共682条点评,吴中大道1109号(SM广场内越湖大厦1楼)
74,格林豪泰(苏州木渎老街店),¥343起,4.4,共684条点评,木渎镇翠坊南街29号
75,怡莱酒店(苏州金鸡湖国际博览中心店),¥397起,4.8,共420条点评,工业园区金鸡湖商业广场5栋
76,如家酒店(苏州吴中商城石湖东路地铁站店),¥377起,4.5,共463条点评,东吴南路388号吴中商城大厦
77,汉庭酒店(苏州影视城木渎地铁站店),¥369起,4.9,共512条点评,木渎镇金山南路288号苏州国际影视娱乐城14号楼
78,汉庭酒店(苏州园区金鸡湖李公堤店),¥524起,4.8,共834条点评,星州街1号296幢
79,网鱼电竞酒店(苏州观前街拙政园店),¥544起,4.9,共748条点评,人民路1755-3号
80,尚客优酒店(苏州汽车南站店),¥466起,4.9,共118条点评,吴门桥街道南环东路869-877号
81,青季酒店MiNi(苏州火车站山塘街店),¥719起,4.8,共1037条点评,东中市317号
82,格林豪泰(苏州吴江盛泽汽车站店),¥114起,4.7,共357条点评,盛泽镇盛泽大道1198号(盛泽客运总站4-6楼)
83,星程酒店(苏州南门汇邻广场酒店),¥372起,4.9,共712条点评,南环东路857号(近4号线团结桥地铁站)
84,花居酒店(苏州园区娄葑店),¥481起,4.9,共307条点评,工业园区南摆宴街69号
85,花居酒店(苏州甪直古镇店),¥268起,4.9,共1147条点评,甪直镇晓南路167号
86,花居雅舍酒店(世茂广场新郭地铁站店),¥442起,4.9,共1270条点评,宝带西路1177号世贸生活广场北区二期1幢1楼
87,卓俊快捷酒店(苏州博物馆西馆店),¥105起,4.2,共643条点评,长江路318号御花园广场
88,格林豪泰酒店(苏州吴中临湖太湖园博园店),¥290起,4.7,共385条点评,临湖镇腾飞路68号悦达广场3号楼
89,佳诚酒店(苏州浒关兴贤路店),¥280起,4.9,共314条点评,浒关分区兴贤路646-8号
90,格林豪泰智选酒店(苏州国际教育园石湖店),¥185起,4.6,共192条点评,越湖路1111号21幢
91,格林豪泰智选酒店(苏州虎丘景区新区高铁站店),¥399起,4.5,共424条点评,金阊新城城北西路1988号
92,格林豪泰(苏州枫津路店),¥358起,4.6,共448条点评,枫津路131号(广建路1号)
93,宋驿酒店(苏州石湖店),¥403起,4.9,共1363条点评,澄湖西路500号鑫悦生活广场3幢
94,行程印巷酒店(苏州甪直古镇店),¥163起,4.4,共326条点评,甪直镇鸣市路153号
95,如家酒店·neo(苏州苏南机场望亭店),¥224起,4.7,共177条点评,望亭镇问渡路501号
96,缘客酒店(苏州观前拙政园店),¥568起,4.8,共1371条点评,人民路1755号
97,莫泰168(苏州山塘街石路地铁站店),¥499起,4.8,共714条点评,广济南路288号金座大厦1楼
98,汉庭酒店(苏州国际博览中心店),¥477起,4.9,共1065条点评,工业园区西沈浒路与和众街西交叉口和众街106号
99,汉庭酒店(苏州胥门店),¥576起,4.8,共804条点评,阊胥路77号
100,苏州儒风民宿,¥534起,5.0,共6条点评,金庭镇缥缈村石路头30号
101,苏州太湖西山岛悠谧小院别墅,¥513起,5.0,共5条点评,金庭镇缥缈村塔头30号
2,星尚客栈(上海虹桥威宁路地铁站店),¥57起,4.9,共2089条点评,威宁路333号5楼
3,悦栖酒店(上海虹桥机场动物园地铁站店),¥65起,4.6,共1605条点评,虹桥路2323号
4,格林豪泰智选酒店(上海松江大学城体育中心地铁站店),¥112起,4.8,共1119条点评,西林北路355号
5,99优选酒店(上海罗秀路地铁站店),¥110起,4.7,共1177条点评,罗秀路887号
6,沁驰精选酒店(上海真北路地铁站店),¥152起,4.8,共2149条点评,金沙江路1628弄7号楼
7,宿适精选酒店(上海虹桥国展中心店),¥130起,4.7,共5232条点评,曹安公路2688号(近上海二手车交易中心)
8,如家酒店·neo(上海新国际博览中心芳华路地铁站店),¥171起,4.7,共1777条点评,沪南路1097号
9,易佰酒店(上海新国际博览中心世博园店),¥136起,4.8,共1256条点评,昌里东路117号
10,如家睿柏·云酒店(上海友谊西路地铁站店),¥144起,4.8,共839条点评,友谊路2970号昊耀商业广场内四楼
11,派柏·云酒店(上海浦东国际机场川六公路店),¥215起,4.6,共1915条点评,川六公路2751号
12,艾享酒店(上海阳曲路店),¥172起,4.3,共672条点评,阳曲路475号
13,一间森林青年旅舍(上海旗舰店),¥75起,4.8,共1837条点评,共和新路700号天道大厦二楼
14,城家公寓(上海漕河泾漕宝路地铁站店),¥131起,4.5,共102条点评,漕宝路91号(漕宝路和习勤路交叉口)
15,美时酒店(上海长江南路店),¥224起,4.9,共1528条点评,长江南路860号
16,城家公寓(上海徐汇大木桥地铁站店),¥130起,4.4,共478条点评,小木桥路456号2号楼
17,万悦酒店(上海周浦万达广场店),¥207起,4.8,共1905条点评,年家浜路688号(沪南公路口)
18,宿适轻奢酒店(上海康桥沪南路店),¥316起,4.9,共3325条点评,康桥镇沪南路2502号
19,7天连锁酒店(上海宜川路店),¥253起,4.8,共985条点评,宜川路310号
20,格林豪泰酒店(上海虹桥机场动物园地铁站店),¥204起,4.5,共731条点评,哈密路1721号
21,汉庭酒店(上海中山医院枫林路店),¥237起,4.8,共296条点评,枫林路289号
22,宿适精选酒店(虹梅路地铁站店),¥135起,4.7,共1973条点评,"古美路1500号,漕宝路交汇口"
23,格林豪泰酒店(上海虹桥机场动物园地铁站店),¥204起,4.5,共731条点评,哈密路1721号
24,如家派柏·云酒店(上海浦东机场川沙地铁站店),¥135起,4.5,共958条点评,川沙路5107号
25,思宇精选酒店(陆家嘴浦电路地铁站店),¥219起,4.8,共1564条点评,崂山路700号
26,大隐国际青年旅舍(上海东方明珠陆家嘴店),¥97起,4.8,共2255条点评,陆家嘴街道浦东大道834弄-840号甲
27,汉庭酒店(上海安亭汽车城店),¥127起,4.9,共474条点评,昌吉路156弄26号(昌吉路与洛浦路交叉路口)
28,如家酒店(上海虹桥机场世贸会展中心店),¥166起,4.8,共1048条点评,虹梅路3215弄100号
29,尚客优酒店(上海宝山杨行镇店),¥176起,4.5,共174条点评,松兰路278号
30,东明精选酒店(上海松江大学城地铁站店),¥100起,4.4,共1034条点评,新松江路1292弄88号
31,宿适商旅酒店(七宝古镇地铁站店),¥175起,4.8,共882条点评,七宝镇青年路299号
32,海友酒店(上海金桥杨高中路店),¥112起,4.7,共468条点评,金桥镇金高路2200号
33,吉泰精品酒店(上海国和路店),¥152起,4.1,共288条点评,国和路1017号
34,汉庭酒店(上海张江园区广兰路地铁站店),¥150起,4.8,共626条点评,张江江东路17号
35,如家酒店(上海火车站北广场普善路店),¥241起,4.5,共962条点评,普善路213号
36,汉庭酒店(上海虹桥机场新店),¥240起,4.9,共957条点评,沪青平公路395号
37,阔悦酒店(上海江宁路地铁站店),¥336起,4.8,共1719条点评,澳门路351号燕兴大厦3层
38,汉庭酒店(上海友谊路地铁站店),¥173起,4.9,共357条点评,盘古路727弄七号楼
39,精·酒店(上海大宁国际延长路地铁站店),¥222起,4.9,共333条点评,平型关路601号甲
40,网鱼电竞酒店(上海虹桥火车站店),¥270起,4.9,共407条点评,天山西路4086号3层
41,唯庭轻居酒店(上海徐汇龙华滨江店),¥391起,4.9,共377条点评,黄石路15号靠近龙吴路
42,如家酒店(上海新金桥中惠广场店),¥130起,4.6,共806条点评,新金桥路1088号
43,汉庭酒店(上海虹桥虹梅路店),¥157起,4.9,共735条点评,虹梅路3219—3223号
44,星尚国际青年旅舍(上海宋园路地铁站店),¥74起,4.8,共3959条点评,宋园路89号
45,布丁酒店(上海瑞金医院打浦桥地铁站店),¥321起,4.5,共1294条点评,瑞金南路1号海兴广场3楼303室
46,汉庭酒店(上海漕河泾宜山路店),¥157起,4.8,共434条点评,宜山路1728号
47,艾享酒店(上海岳阳医院店),¥137起,4.3,共459条点评,东体育会路1188号
48,如家酒店(上海金桥博兴路地铁站店),¥191起,4.6,共613条点评,博兴路1119号
49,空集青年旅舍(上海五角场店),¥78起,4.7,共1419条点评,黄兴路1737号九隆坊生活广场四楼
50,网鱼电竞酒店(上海嘉定新天地店),¥289起,4.9,共725条点评,塔城路283号
51,如家酒店·neo(上海五角场翔殷路地铁站店),¥249起,4.9,共111条点评,安波路533弄1号
52,汉庭酒店(上海五角场黄兴路店),¥286起,4.9,共379条点评,黄兴路1675号五角场科技大厦3楼
53,网鱼电竞酒店(上海宁国路地铁站店),¥282起,4.9,共383条点评,临青路379号三层
54,如家酒店·neo(上海宝山友谊路店),¥213起,4.9,共1104条点评,牡丹江路1799号
55,如家酒店·neo(上海虹桥漕河泾龙茗路店),¥199起,4.3,共409条点评,龙茗路2692号
56,7天连锁酒店(上海东川路交大店),¥147起,4.5,共896条点评,沪闵路445号
57,汉庭酒店(上海西康路店),¥296起,4.8,共683条点评,西康路897-899号
58,汉庭酒店(上海华泾店),¥258起,4.9,共273条点评,龙吟路67号
59,汉庭酒店(上海陆家嘴塘桥地铁站店),¥350起,4.8,共436条点评,浦建路15号A座1楼
60,网鱼电竞酒店(上海火车站店),¥331起,4.9,共764条点评,秣陵路83号
61,Zsmart智尚酒店(上海南京西路梅陇镇广场店),¥339起,4.6,共832条点评,陕西北路698号
62,空集青年旅舍(上海五角场店),¥78起,4.7,共1419条点评,黄兴路1737号九隆坊生活广场四楼
63,7天连锁酒店(上海东川路交大店),¥147起,4.5,共896条点评,沪闵路445号
64,如家酒店·neo(上海曹杨新村枫桥路地铁站店),¥273起,4.8,共754条点评,枫桥路69号
65,如家酒店(上海金沙江路丰庄地铁站店),¥166起,4.6,共889条点评,金沙江路2870号
66,弗思特逸住酒店(上海上生新所延安西路地铁站店),¥245起,4.8,共889条点评,定西路657号
67,汉庭酒店(上海周浦医谷店),¥215起,4.6,共615条点评,周祝公路268号1号楼
68,吉泰连锁酒店(上海本溪路新华医院店),¥207起,4.3,共974条点评,本溪路197号
69,易佰良品酒店(上海浦东机场店),¥123起,4.6,共729条点评,晚霞路715弄130号
70,诺言酒店(黄兴路地铁站店),¥191起,4.4,共934条点评,黄兴路1100号
71,登巴客栈(上海旗舰店),¥71起,4.7,共2305条点评,延安西路576号
72,美希沫优选酒店(松江大学城店),¥144起,4.9,共869条点评,茸平路559弄87号
73,汉庭酒店(上海嘉定外冈工商学院店),¥127起,4.8,共399条点评,冈峰路51号
74,汉庭酒店(上海松江泗泾店),¥150起,4.8,共387条点评,泗泾镇沪松公路2511弄2幢16号
75,汉庭优佳酒店(上海大学地铁站店),¥233起,4.8,共543条点评,锦秋路839号
76,如家酒店·neo(上海虹梅路店),¥174起,4.8,共867条点评,虹梅路2971号
77,海友酒店(上海环球港店),¥97起,4.4,共463条点评,中山北路3612号
78,布丁严选酒店(上海虹桥枢纽七宝店),¥116起,4.4,共248条点评,七宝镇华林路219号
79,怡莱精品酒店(上海虹桥机场北翟路店),¥112起,4.4,共400条点评,北沈路1888号
80,汉庭酒店(上海张江金融信息园店),¥150起,4.9,共451条点评,华东路4111号近上丰路卡园
81,网鱼电竞酒店(上海大华虎城店),¥276起,4.8,共207条点评,武威东路422号
82,汉庭酒店(上海五角场长海医院店),¥218起,4.9,共369条点评,嫩江路2512号
83,汉庭酒店(上海虹桥火车站北翟路店),¥163起,4.7,共531条点评,北翟路2910-10号
84,汉庭酒店(上海金桥国际商业广场店),¥180起,4.9,共347条点评,金桥路1258号
85,如家酒店·neo(上海江湾镇地铁站店),¥232起,4.6,共721条点评,逸仙路799号
86,船长五号青年酒店(上海漕河泾田林路店),¥85起,4.8,共386条点评,田林路120号2楼
87,华舒酒店(上海青浦工业园店),¥134起,4.6,共187条点评,香花桥街道北青公路9318号
88,北虹湾宾馆(上海虹桥机场万达店),¥161起,4.8,共812条点评,鹤芳路127号
89,如家酒店·neo(上海外高桥保税区北地铁站店),¥191起,4.7,共441条点评,花山路1209号
90,景莱酒店·臻选(上海威宁路地铁站店),¥512起,4.8,共2759条点评,威宁路428号(威宁大厦)
91,汉庭酒店(上海桃浦新村地铁站店),¥259起,4.8,共395条点评,白丽路366号
92,海友酒店(上海宝山城市工业园店),¥132起,4.8,共255条点评,真陈路1216号5楼
93,维蒂利酒店(上海世博前滩店),¥156起,4.3,共307条点评,海阳路1046号
94,如家酒店·neo(上海中山公园延安西路店),¥375起,4.5,共528条点评,延安西路1303号
95,如家酒店·neo(上海中山公园地铁站店),¥285起,4.5,共821条点评,武夷路589号
96,汉庭酒店(上海梅岭北路地铁站店),¥180起,4.6,共251条点评,中江路1277号
97,汉庭酒店(上海松江大学城店),¥174起,4.9,共646条点评,新松江路1292弄126号
98,如家酒店(上海虹桥北新泾地铁站剑河路店),¥213起,4.7,共608条点评,剑河路429号
99,汉庭酒店(上海虹桥机场店),¥248起,4.7,共1119条点评,沪青平公路58号
100,海友酒店(上海徐家汇店),¥146起,4.3,共530条点评,斜土路2422号
101,格林豪泰(上海共康路地铁站店),¥167起,4.3,共436条点评,共康路555号
2,蓝顿公寓酒店(重庆江北国际机场店),¥264起,4.9,共6263条点评,滨港路127号
3,橡树林酒店(三峡广场牛津街店),¥311起,4.9,共2545条点评,杨公桥杨梨路60号
4,橡树林酒店(南坪罗马假日店),¥407起,5.0,共2330条点评,南坪青龙路38号
5,天赐酒店(重庆北站店),¥120起,4.9,共2108条点评,泰山大道东段56号附26号华宇北城中央1幢4单元3-3
6,7天优品酒店(重庆江北国际机场店),¥227起,4.8,共1287条点评,绣湖路55号
7,斯普兰精品酒店(江北国际机场店),¥257起,4.8,共2751条点评,渝航路141号
8,7天优品酒店(重庆袁家岗轻轨站奥体店),¥329起,4.8,共1626条点评,袁家岗162号
9,笑脸里·好久不见青年旅舍(重庆儿童医院两路口地铁站店),¥107起,4.9,共1965条点评,中山三路107号皇冠大厦3楼
10,铂晶主题酒店(重庆江北国际机场悦来国博店),¥273起,4.9,共1323条点评,双龙湖街道舟济路28号融创中央广场6幢7楼
11,布丁酒店(重庆龙头寺火车北站店),¥244起,4.4,共939条点评,泰山大道东段62号动力国际B座
12,XEM希悦艺术酒店(重庆江北国际机场店),¥354起,4.8,共1373条点评,舟济路26号融创中央广场6栋7楼
13,7天优品酒店(重庆两江新区鱼复工业园鱼嘴店),¥165起,4.9,共1044条点评,鱼嘴镇和韵路51号
14,笙夕酒店(重庆南坪协信星光广场店),¥385起,4.8,共2332条点评,南坪街道南坪南路28号金信大厦6楼1号
15,派酒店(重庆江北国际机场空港广场轻轨站店),¥200起,4.9,共1046条点评,长空路188号
16,简舍轻奢酒店(重庆江北国际机场店),¥161起,4.8,共1176条点评,双龙湖街道双龙大道189号1幢3-1
17,重庆慕云思酒店(观音桥九街店),¥593起,4.9,共1852条点评,北城天街46号九街高屋A栋6楼
18,7天优品酒店(重庆观音桥步行街轻轨站店),¥589起,4.6,共1970条点评,观音桥步行街金岗大厦13-1
19,7天优品酒店(重庆解放碑步行街中心店),¥450起,4.5,共869条点评,民生路181号民生商厦B座平街7层平街8层1号
20,Deer·归夏江景民宿(北滨路店),¥654起,4.9,共1469条点评,鎏嘉码头珠江国际B区4栋1楼
21,华翔大酒店(重庆解放碑洪崖洞店),¥698起,4.8,共2396条点评,五四路39号都市广场A座
22,如家酒店(重庆杨家坪轻轨站步行街店),¥393起,4.4,共435条点评,杨家坪兴胜路68号
23,君港商务酒店(重庆江北国际机场店),¥224起,4.9,共7496条点评,双龙湖街道龙兴街23号名人山庄A栋2-1
24,城市便捷酒店(重庆渝中区大坪地铁站店),¥357起,4.8,共657条点评,长江二路12号创景大厦第三军医大坪医院旁
25,重庆红棉酒店(江北国际机场店),¥86起,4.9,共978条点评,泰福路83号
26,星豪鸿精品酒店(重庆英利国际大坪店),¥562起,4.9,共1432条点评,大坪英利国际8楼
27,重庆鲸栖电竞酒店,¥259起,4.9,共388条点评,黄山大道东段185号
28,重庆云汉酒店,¥195起,4.8,共732条点评,云汉大道389号4-1
29,如家华驿酒店(重庆蔡家地铁站店),¥138起,4.7,共80条点评,蔡家岗镇嘉瑞大道18号7幢6楼6-1—6-20
30,城市便捷酒店(重庆南坪工商大学轻轨站店),¥488起,4.9,共683条点评,青龙路96号
31,IU酒店(重庆观音桥步行街轻轨站店),¥475起,4.6,共1110条点评,北城天街2号阳光城大厦23楼
32,纳吾优主题酒店(重庆九街店),¥664起,4.8,共1476条点评,龙塔街道红黄路1229号
33,7天连锁酒店(重庆龙头寺火车北站狮子坪轻轨站店),¥370起,4.6,共441条点评,树兰路178号晶瑞大厦1栋
34,奇幻度假屋(重庆观音桥九街店),¥561起,5.0,共843条点评,观音桥北城天街46号九街高屋A栋7-1楼
35,视介酒店(重庆江北国际机场店),¥321起,5.0,共348条点评,仙桃街道同茂大道舟济路26号水木栖地1栋23楼
36,如家酒店(重庆沙坪坝火车站步行街店),¥411起,4.6,共415条点评,小龙坎正街366号
37,爱电竞酒店(重庆观音桥龙湖新壹街店),¥568起,4.9,共243条点评,建新北路红石路1号龙湖新壹街商业C馆2楼
38,MARC酒店(重庆观音桥步行街店),¥738起,4.8,共3091条点评,观音桥步行街7号世纪新都9楼
39,尖峰电竞酒店(重庆观音桥步行街店),¥543起,4.9,共246条点评,北城天街2号阳光城大厦18楼
40,重庆天幕高空江景民宿(南滨路店),¥536起,4.9,共605条点评,阳光路1号阳光100国际新城A3-1栋9-5号
41,SUNU云际江景酒店(重庆企业天地化龙桥地铁站店),¥785起,5.0,共6条点评,富华路10号万科翡翠云阶4栋C座2802
42,千寻精品酒店(重庆大学城店),¥106起,4.7,共757条点评,大学城南一路163号
43,上呈·云酒店(重庆刘家坪地铁站店),¥246起,5.0,共2条点评,天荣路34号荣盛华府三期4栋13层
44,派酒店(重庆龙头寺火车北站店),¥261起,4.5,共236条点评,泰山大道60号附43号
45,7天优品酒店(重庆白市驿店),¥191起,4.7,共538条点评,白市驿镇农科大道66号5幢5-16号
46,兰泊湾酒店(悦来国际博览中心店),¥195起,5.0,共2条点评,悦来街道国博二路162号3幢3楼
47,悦尚酒店(重庆江北国际机场店),¥152起,4.7,共80条点评,双龙湖街道双龙大道373号
48,如家华驿精选酒店(重庆大学城陈家桥店),¥212起,4.5,共259条点评,大学城葛洲坝微客公馆1号公寓楼名义层19层、20层
49,7天优品Premium酒店(重庆火车北站北广场中心店),¥406起,4.7,共1159条点评,两江新区天禧路1号华宇摩天2栋1楼
50,精彩酒店(重庆巴南万达广场店),¥138起,4.4,共208条点评,渝南大道305号
51,格泰智慧酒店(石桥铺地铁站店),¥508起,4.7,共1207条点评,石杨路2号
52,夕宿·说旧公寓(茶园地铁站店),¥232起,4.9,共245条点评,天文大道鲁能领秀城1街区13栋
53,斯维特酒店(重庆江北国际机场店),¥204起,4.4,共347条点评,空港大道21号
54,重庆法维诺酒店,¥195起,4.8,共167条点评,金开大道68号3幢20-1
55,重庆莎霏酒店,¥218起,4.4,共358条点评,春晖街道松青路1058号附33号
56,开曼酒店(重庆杨家坪万象城店),¥527起,5.0,共464条点评,杨家坪天宝路118号附10号1楼
57,壹宿时光公寓(大坪店),¥462起,5.0,共4条点评,大坪街道英利国际广场4幢商业4层12号
58,汉庭酒店(重庆杨家坪步行街万象城店),¥582起,4.9,共959条点评,杨家坪兴胜路65号
59,空山下·IDLE度假酒店(解放碑洪崖洞店),¥951起,5.0,共26条点评,解放西路229号滨江壹号6楼16号
60,這家酒店,¥793起,5.0,共28条点评,解放碑街道青年路7号时代豪苑D幢22-1号
61,晨宏酒店(解放碑洪崖洞店),¥455起,4.8,共143条点评,解放碑街道较场口87号得意世界B区4楼
62,开曼酒店(重庆杨家坪万象城店),¥527起,5.0,共464条点评,杨家坪天宝路118号附10号1楼
63,莱斯壹号酒店(江北国际机场店),¥153起,4.8,共126条点评,回兴街道服装城大道40号中德茵莱国际15幢1楼
64,布拉尔酒店(重庆八公里二手车交易市场店),¥308起,4.8,共670条点评,渝南大道16号
65,天天连锁酒店(重庆西南医院店),¥190起,4.7,共1200条点评,凤天大道49号酒店住宿中心26楼
66,雷神电竞酒店(重庆江北国际机场店),¥348起,5.0,共385条点评,仙桃街道同茂大道舟济路26号水木栖地1栋22楼
67,家心怡酒店(重庆保税港店),¥146起,4.9,共430条点评,空港东路305号附20号3-1
68,舒雅酒店(重庆西永微电园龙湖拉特芳斯店),¥107起,4.3,共329条点评,西永微电园龙湖拉特芳斯1街区B馆(前台)
69,重庆天运酒店,¥207起,4.6,共371条点评,金竹路121号
70,尚客佳酒店(重庆火车西站店),¥442起,4.4,共337条点评,华玉路501号附2幢13/14楼
71,V9智能艺术酒店(重庆北站店),¥617起,4.7,共3502条点评,天禧路1号华宇摩天2栋20楼
72,弈鸣居公寓(解放碑店),¥590起,4.8,共380条点评,青年路7号解放碑时代豪苑D栋15楼3号
73,佳德酒店(重庆创意公园上湾路地铁站店),¥223起,4.8,共252条点评,食品城大道18号重庆创意公园2幢4-1
74,枫香主题公寓(新牌坊店),¥308起,5.0,共69条点评,龙溪街道红叶路97号2幢8-28
75,汉庭酒店(重庆观音桥地铁站店),¥568起,4.8,共1055条点评,中野路5号
76,IU酒店(重庆红旗河沟地铁站店),¥457起,4.6,共285条点评,龙溪街道嘉州路43号加州花园A3栋3-2号
77,森屿酒店(大竹林江与城店),¥410起,4.9,共48条点评,两江新区大竹林街道楠竹路12号附8号10-1至10-21
78,重庆誉扬公寓(较场口轻轨站店),¥896起,5.0,共7条点评,民生路5号美力大厦11楼11-19
79,汉庭酒店(重庆中央公园吾悦广场店),¥472起,4.9,共138条点评,茂华路265号吾悦公寓B座
80,重庆艾丽佳酒店公寓,¥597起,5.0,共664条点评,民权路88号附2号26-6#
81,木公朋民宿(同茂大道店),¥358起,5.0,共1条点评,茂华路269号B座19楼21号
82,美途酒店(江北国际机场店),¥193起,4.9,共512条点评,舟济路27号融创中央广场5栋1楼
83,重庆Smart电竞酒店,¥90起,4.5,共669条点评,艺德路13号五星名座2栋12楼
84,栖迟宜品酒店(重庆火车西站店),¥159起,4.2,共323条点评,华岩寺路4号附7号
85,瑞思·CHERRY酒店(重庆江北国际机场T3航站楼店),¥329起,4.9,共8条点评,回兴街道服装城大道117号19层1号
86,重庆馨和快捷酒店(港莲广场莲花轻轨站店),¥213起,4.7,共760条点评,两路组团T标准分区木耳空港乐园集中商业B2栋4层华晖路24号附1号4-1号
87,隐山舍江景民宿(解放碑洪崖洞店),¥751起,4.9,共1118条点评,融创白象街4号楼502室
88,雅致精选酒店(重庆图书馆地铁站西南医院店),¥160起,4.6,共663条点评,凤天大道49号住宿中心17楼
89,梵夕酒店(重庆企业天地化龙桥地铁店),¥513起,4.8,共308条点评,富华路10号翡翠云阶公寓4栋C座
90,Dwell·栖趣酒店(江北机场T3航站楼店),¥198起,4.7,共758条点评,回兴街道服装城大道36号中德·莱茵国际东门14幢3楼
91,重庆美居商务酒店,¥145起,4.3,共59条点评,鱼嘴镇和韵路51号中商两江公馆20F
92,重庆华成之星时尚酒店,¥153起,4.4,共99条点评,和泰家园兴凯路138-2-1号
93,瑞菲酒店(重庆江北机场店),¥193起,4.9,共41条点评,仙桃街道福畅路28号融创中央广场6幢3楼
94,易豪酒店(重庆汽博叠彩城店),¥161起,4.3,共190条点评,金童路叠彩城9号H2幢13楼
95,重庆记忆酒店(欢乐谷地铁站店),¥376起,4.6,共240条点评,礼嘉街道悦华路9号5幢5楼
96,豪智酒店(理工大学花溪校区店),¥223起,4.8,共118条点评,龙洲大道1790号附10号201号商铺
97,朗湾酒店(重庆观音桥店),¥402起,4.6,共145条点评,观音桥朗晴广场A塔32楼17号
98,卓怡公寓(重庆解放碑好吃街店),¥603起,4.9,共207条点评,解放碑八一路218号雅地天际2102号
99,重庆南浦设计师酒店(两路口地铁站鹅岭二厂店),¥632起,5.0,共51条点评,两路口街道重庆村1号19楼
100,小珠子民宿(奥体中心重医附属一院店),¥151起,4.9,共40条点评,奥体路1号新城上城8栋808室
101,致虚阁民宿(黄桷垭正街店),¥504起,4.9,共50条点评,黄桷垭正街老君洞三清殿北20米
2,途寓主题公寓(广州天河智慧城地铁站万科云城米酷店),¥67起,4.8,共1690条点评,天河华观路万科云城米酷C2栋一楼113号商铺
3,广州从化温泉汇聚居亲子乐园团建轰趴泳池民宿别墅,¥89起,4.8,共59条点评,温泉镇温泉村沙岗街182号
4,维斯登旗舰店(广州新白云国际机场店),¥123起,4.9,共2312条点评,白云机场高增一村上和路157号
5,加州时尚驿站(广州机场北门店),¥104起,4.9,共3792条点评,凤安南一路8号
6,皇冠悠品公寓(广州南站店),¥118起,4.9,共2623条点评,广州南站韦涌村田心大街六巷28号
7,汉群酒店(广州白云国际机场店),¥102起,4.7,共1932条点评,花东镇商达街7号
8,私慕时光主题公寓(广州大学城店),¥53起,4.5,共712条点评,贝岗村青云坊19巷11号，原始烤肉这条街
9,朗逸精选酒店(广州白云国际机场人和地铁站店),¥130起,4.9,共2510条点评,鹤龙六路99号A栋
10,米豆酒店公寓(广州天河智慧城地铁站万科云城米酷店),¥210起,4.8,共3037条点评,科学城华观路万科云城米酷西区西门C5栋一楼101号
11,云松酒店,¥170起,5.0,共353条点评,华观路凌塘新街16号之5
12,京泰丽都酒店(广州市桥地铁站),¥125起,4.6,共3862条点评,市桥西环路193号
13,潮汐酒店(广州东圃珠村店),¥110起,4.9,共2119条点评,东圃镇珠村东环路88号
14,66时尚(广州新国际机场店),¥145起,4.8,共1851条点评,人和镇矮岗村东七巷一号
15,聚缘时尚公寓(广州南站店),¥153起,4.8,共2101条点评,石壁街三村华北一街四巷2号
16,IU酒店(广州天河东体育中心地铁站店),¥308起,4.5,共5713条点评,天河东路153号富海大厦首层
17,速8酒店(广州嘉禾望岗地铁站店),¥179起,4.9,共5685条点评,鹤龙二路25号丰兴商业广场1层
18,莫泰168(广州白云机场人和地铁站店),¥191起,4.9,共2030条点评,人和镇人和大马路鹤龙六路187号
19,中嘉美寓(广州南站店),¥418起,4.8,共1356条点评,石壁街道展创商务中心A1栋二楼219
20,美偲阁公寓(广州南站店),¥147起,5.0,共1751条点评,石壁街道韦涌村田心大街12巷14号
21,IU酒店(广州太和广场店),¥188起,4.8,共1513条点评,太和中路98号
22,京泰丽都酒店(广州市桥地铁站),¥125起,4.6,共3862条点评,市桥西环路193号
23,7天优品酒店(广州天河石牌桥地铁站店),¥388起,4.4,共1213条点评,天河南二路31-33号
24,7天优品酒店(广州天河棠下好又多店),¥164起,4.5,共1916条点评,中山大道中棠下达善大街1号
25,如家华驿公寓(广州萝岗万达广场苏元地铁站店),¥131起,4.8,共1298条点评,科丰路87号万达广场C3栋710室
26,城市之星(广州新白云国际机场店),¥136起,4.9,共1260条点评,人和镇矮岗村大路口东七巷9号
27,富安酒店(广州白云站百信广场店),¥160起,5.0,共9413条点评,三元里大道棠新街53号成丰大厦
28,万丰酒店(广州三元里店),¥104起,4.6,共511条点评,三元里大道棠下西街1号
29,网鱼电竞酒店(广州白云站店),¥207起,4.9,共315条点评,岗贝路19号广星广场B栋1楼
30,如之家精品公寓(广州南沙塘坑地铁站店),¥258起,5.0,共1950条点评,南沙街江南路98号之二
31,逸米酒店(广州东晓南南洲地铁站店),¥339起,4.6,共1232条点评,南洲路南洲名苑怡居街53号
32,7天优品(广州京溪南方医院同和地铁站店),¥194起,4.6,共1346条点评,广州大道北1968号合一国际北门一楼
33,素舍酒店(广州天河客运站地铁站店),¥347起,4.8,共2271条点评,慧通产业园101栋A区
34,城市便捷酒店(广州太和广场店),¥151起,4.8,共1114条点评,太和镇太和中路133号
35,永利轩(广州新白云国际机场店),¥123起,4.8,共1168条点评,人和镇矮岗村十字坎庄八巷十二号
36,尚美酒店(广州永泰地铁站店),¥187起,4.8,共1598条点评,永泰丛云路941号
37,粤塔X电竞酒店(嘉禾望岗地铁站店),¥272起,4.8,共117条点评,鹤龙二路25号丰兴商业广场5楼
38,逸米酒店(广州岗顶地铁站中山三院店),¥209起,4.4,共611条点评,天河路631号
39,云朵轻奢设计公寓(广州南站店),¥403起,4.9,共2543条点评,石壁街道展创商务中心A1栋6楼615
40,TOK电竞酒店(三元里岗贝路店),¥200起,4.8,共816条点评,岗贝路138号7楼
41,广州从化温泉富力泉天下亚特泳池度假别墅,¥630起,4.9,共180条点评,温泉镇富力泉天下果岭路28号（预定后可查看详细地址）
42,逸米酒店(广州东圃地铁站店),¥116起,4.4,共936条点评,东圃镇东圃二马路68号
43,壹加壹精品(广州新白云国际机场店),¥182起,4.9,共8662条点评,人和镇矮岗北街东六巷2号
44,云季不凡公寓(广州黄边地铁站店),¥206起,4.7,共814条点评,鹤龙东路152号广州设计之都V2栋公寓楼大厅
45,IU酒店(广州京溪南方医院地铁站店),¥209起,4.6,共1284条点评,京溪路103号(农业银行旁)
46,登巴国际连锁客栈(广州中山大学店),¥66起,4.4,共577条点评,江怡路309号
47,全美精品酒店(广州小北地铁站店),¥499起,4.9,共1708条点评,麓景路113号
48,逸米公寓(广东省人民医院店),¥268起,4.6,共959条点评,东川路云海通津7号首层
49,粤巢至尊酒店(广州增城新塘南站店),¥133起,4.7,共3180条点评,广深大道中118号
50,广州逸嘉公寓(珠江新城中山眼科中心店),¥373起,4.9,共630条点评,珠江新城华强路2号富力盈丰大厦五楼533室
51,7天酒店(广州安华汇永泰地铁站店),¥158起,4.4,共819条点评,同泰路116号3号楼
52,去哪酒店公寓(广州萝岗万达苏元地铁站店),¥168起,4.9,共1049条点评,科丰路91号萝岗万达广场C4栋一楼大堂
53,网鱼电竞酒店(广州花都广场店),¥385起,5.0,共210条点评,新华街天贵路72号
54,骏成商务酒店(广州萝岗科学城佳大店),¥184起,4.9,共1576条点评,开创大道1003号
55,哈啰酒店(广州新白云国际机场人和店),¥204起,4.8,共844条点评,人和镇东华村下华西巷13号
56,芒果智能酒店(广州新塘永旺店),¥80起,4.8,共511条点评,新塘镇永芸珑寓底层商铺B2栋1111-2
57,广州中洲国际公寓(天河东圃店),¥193起,4.9,共189条点评,中山大道中1035号1楼大堂
58,丽途国际公寓(广州绿地中央广场神舟路地铁站店),¥211起,4.9,共1583条点评,萝岗区科学大道80号绿地中央广场D栋1楼102铺
59,粤塔X电竞酒店(钻汇广场市桥地铁站店),¥437起,4.9,共166条点评,富华中路4号
60,广州白水寨金叶子森林田园温泉酒店,¥583起,4.8,共1592条点评,金叶子田园2号楼2105房（预定后可查看详细地址）
61,广州雅舍国际酒店(金融城科韵路地铁站店),¥333起,4.9,共90条点评,中山大道西307号T湾区优创汇B座一楼
62,去哪酒店公寓(广州萝岗万达苏元地铁站店),¥168起,4.9,共1049条点评,科丰路91号萝岗万达广场C4栋一楼大堂
63,艺龙瑞阁公寓(从化碧桂园店),¥141起,4.9,共341条点评,城郊街河滨北路86号二栋244号
64,卡尔曼国际公寓(广州文冲双岗地铁站店),¥196起,4.4,共1342条点评,黄埔东路1080号万科黄埔仓商业街一楼111商铺
65,圣陶莎酒店(增城万达广场店),¥131起,4.6,共403条点评,荔城街荔城大道23号
66,暖角落酒店 (广州新塘地铁站店),¥91起,4.8,共484条点评,汇美新村金都路22号
67,逸米酒店(中山大学附属肿瘤医院区庄地铁站店),¥188起,4.1,共301条点评,环市东路404号(近远洋商务大厦)
68,如家UP华驿精选酒店(广州白云机场店),¥176起,4.7,共106条点评,人和镇太成村鹤龙八路281号
69,赛纳国际公寓(广州萝岗敏捷广场水西地铁站店),¥124起,4.9,共572条点评,水西路193号萝岗敏捷广场地下一层25号铺
70,文星酒店(广州均禾店),¥165起,4.9,共426条点评,新石路大布路1号
71,丽途国际公寓(广州萝岗万达广场苏元地铁站店),¥228起,4.9,共1537条点评,科丰路萝岗万达广场香雪商业街E104铺
72,君乐酒店(广州动物园地铁站店),¥182起,4.7,共1306条点评,水荫路34号大院46栋
73,LEMEE美宿服务式公寓,¥202起,4.9,共264条点评,迎龙路05湾区智谷C5栋3层14号
74,粤享X客栈(广州京溪南方医院地铁站南方医科大学店),¥299起,4.9,共279条点评,竹园街15号(京溪路232号农商小区旁)
75,逸米酒店(广州中山大学眼科医院店),¥242起,4.7,共1325条点评,环市东路420号之一(二楼)联威大厦
76,丽格酒店(广州高铁南站店),¥413起,4.6,共286条点评,石壁街道汉溪大道西287号
77,尔嘉纳公寓(广州科汇金谷神舟路地铁站店),¥182起,4.9,共721条点评,科学大道101号科汇金谷K栋107铺尔嘉纳公寓
78,Green Nest·绿巢精品酒店(广州白云永泰地铁站颐和山庄店),¥194起,4.8,共1062条点评,同泰路116号 (地铁3号线永泰A出口)
79,美嘉公寓(广州南站店),¥319起,4.8,共296条点评,石壁街石兴大道288号展创商务中心A1栋2楼204房
80,逸米酒店(广州国际会展中心广州塔店),¥311起,4.3,共818条点评,赤岗路299-301号
81,香蕉FUN酒店(广州东站燕塘地铁站店),¥577起,4.8,共226条点评,粤垦路614号
82,瑞龙逸云酒店(广州花都狮岭皮革城店),¥145起,4.8,共562条点评,狮岭镇狮岭大道西6号
83,一米酒店(广州东晓南地铁站店),¥166起,4.6,共1423条点评,东晓南路文华街25号
84,慧汐公寓(广州南沙万达广场店),¥135起,4.9,共660条点评,双山大道南沙万达广场B2栋1517
85,艺龙瑞阁公寓(广州黄埔佳兆业城市广场佳纷天地店),¥101起,4.7,共938条点评,南岗街道康南社区凯盛大街6号佳纷天地广场北塔5层(中转庭)
86,汇悦酒店(广州黄埔新港地铁站店),¥113起,4.8,共134条点评,经济开发区东江大道74号
87,白云一力·彭边高层景观酒店公寓(广州黄边地铁站店),¥200起,4.9,共85条点评,尖彭路12号2号楼一力中心19层1922室
88,胜风柏丽精选(广州白云国际机场店),¥129起,4.8,共413条点评,人和矮岗岗太路323号
89,广州红姐的民宿,¥155起,4.8,共88条点评,金谷北路富力金港城南区A7幢
90,高格城际酒店(广州增城新塘地铁站店),¥136起,4.7,共1224条点评,新塘镇东坑北横路2号
91,万隆国际公寓(广州香雪地铁站店),¥200起,4.8,共791条点评,锐丰中心5栋133商铺
92,广州艾莱国际酒店公寓(广州企业加速器宝马培训中心店),¥149起,5.0,共1090条点评,云埔街道源祥路96号弘大公寓2号楼607室
93,非繁·润城酒店(广州海珠万达广场店),¥496起,4.7,共426条点评,逸景路268号海珠米立方公寓楼大堂
94,胜龙连锁酒店(广州番禺广场地铁站永旺梦乐城店),¥210起,4.4,共377条点评,市莲路罗家段61号
95,晟悦·云港国际(广州白云国际机场店),¥145起,4.8,共732条点评,顺祥路5号
96,博雅园公寓(广州南站店),¥206起,4.8,共184条点评,石壁街石浦大道南131号博域大厦101商铺
97,大学·优宿 酒店(广州大学城店),¥236起,4.8,共157条点评,小谷围街北亭村咏凤二街15号之三
98,广州铂尔漫公寓(广州鱼珠港三溪地铁站店),¥201起,5.0,共48条点评,黄埔大道东881号鱼珠湾海丝创新中心1栋1304室
99,星和商务酒店(广州火车东站沙河店),¥225起,4.5,共298条点评,广园东路2147号
100,云漫轻居连锁酒店公寓(广州暨南大学店),¥346起,4.6,共765条点评,黄埔大道西505号易通大厦A栋1楼
101,悦禾轻奢公寓(广州南站店),¥400起,4.9,共491条点评,石兴大道南288号展创商务中心A1栋2楼217房
1,睿柏·云酒店(宁波罗蒙环球城店),¥170起,4.7,共845条点评,首南街道天健巷39号
2,易佰酒店(宁波天一广场鼓楼地铁站店),¥121起,4.7,共1445条点评,国医街90号
3,任丰逸宿酒店(宁波洞桥店),¥153起,4.9,共708条点评,洞桥镇荷晓东路567号
4,宁波笙海花园酒店(万科广场店),¥145起,4.6,共856条点评,庄市街道明海南路288号财富广场2号楼
5,南苑e家(宁波火车站北广场店),¥223起,4.5,共3046条点评,马园路419号
6,汉庭酒店(宁波庄市万科广场店),¥165起,4.8,共610条点评,镇海庄市聚兴路88号
7,轻住·欣银酒店(栎社机场石碶地铁站店),¥100起,4.7,共763条点评,鄞县大道西段1398号
8,布丁严选酒店(宁波火车站大卿桥地铁站店),¥92起,4.2,共901条点评,苍松路71号
9,如家酒店·neo(宁波机场石碶地铁站店),¥173起,4.4,共872条点评,雅戈尔大道243号
10,逸宿酒店(宁波南部商务区万达广场店),¥136起,4.6,共631条点评,钟公庙路钟王路156号联盛广场C区
11,怡莱酒店(宁波北仑银泰城店),¥135起,4.8,共378条点评,岷山路321号(里仁花园三期北门)
12,如家酒店(宁波火车站大卿桥地铁站店),¥182起,4.5,共856条点评,咏归路2号
13,7天优品宁波镇海红星广场店,¥131起,4.5,共481条点评,骆驼街道东河港路261号
14,宁波唐巢商务宾馆,¥145起,4.8,共464条点评,江口街道四明东路168号
15,汉庭酒店(宁波沧海路店),¥120起,4.7,共463条点评,沧海路1928号
16,汉庭优佳酒店(宁波火车站南广场店),¥223起,4.8,共835条点评,蓝天路6号
17,汉庭酒店(宁波南部商务区罗蒙环球乐园店),¥215起,4.9,共1131条点评,天童南路736号
18,汉庭酒店(宁波李惠利医院彩虹南路店),¥171起,4.8,共525条点评,彩虹南路文景街18弄76号
19,布丁酒店(宁波天一广场城隍庙店),¥81起,4.4,共376条点评,华严街211号
20,ReMAX热麦电竞酒店(宁波来福士老外滩店),¥335起,4.9,共886条点评,中马路323号
21,速8酒店(宁波北仑恒山西路店),¥183起,4.7,共836条点评,恒山西路391号
22,7天优品宁波镇海红星广场店,¥131起,4.5,共481条点评,骆驼街道东河港路261号
23,汉庭酒店(宁波火车站北广场店),¥208起,4.8,共1789条点评,马园路236号
24,淘元漫居酒店(宁波高教园区店),¥140起,4.6,共567条点评,钱湖南路690号
25,布丁酒店(宁波天一广场城隍庙店),¥81起,4.4,共376条点评,华严街211号
26,如家酒店(宁波中山东路江厦桥地铁站店),¥212起,4.8,共954条点评,中山东路485号
27,如家酒店·neo(宁波火车站店),¥255起,4.7,共1436条点评,柳汀街316弄18号
28,ReMAX热麦电竞酒店(宁波火车站店),¥326起,4.9,共710条点评,南门街道咏归路152-1号
29,汉庭酒店(宁波火车站新店),¥213起,4.8,共1810条点评,三市路17号
30,海友酒店(宁波天一广场中心店),¥233起,4.9,共433条点评,开明街207号3楼大堂
31,ReMAX热麦电竞酒店(宁波来福士老外滩店),¥335起,4.9,共886条点评,中马路323号
32,如家酒店(宁波天一广场中山东路店),¥199起,4.6,共978条点评,中山东路351号
33,久逅空谷幽兰酒店(宁波青林湾店),¥191起,4.6,共916条点评,广安路与丽园北路交界口恒茂广场3楼
34,汉庭酒店(宁波路林市场店),¥135起,4.3,共330条点评,环城北路东段846号(汽车北站斜对面)
35,翡木电影酒店(奉化宝龙广场店),¥214起,4.9,共560条点评,东峰路69号
36,逸宿轻居酒店(宁波奉化大成路店),¥212起,4.8,共570条点评,锦屏街道河头路98号
37,如家酒店·neo(宁波奉化溪口店),¥513起,4.8,共894条点评,溪口镇锦堤北路16号
38,如家酒店(宁波天一广场中心店),¥316起,4.3,共985条点评,开明街路181号南苑鞋城4楼
39,汉庭酒店(宁波天一广场新店),¥389起,4.9,共1072条点评,碶闸街117号(天主教堂后面)
40,汉庭酒店(宁波天一广场店),¥372起,4.9,共962条点评,解放南路158号
41,南苑e家精选酒店(宁波高桥店),¥179起,4.9,共345条点评,新丰路1号
42,逸宿轻居酒店(宁波奉化大成路店),¥212起,4.8,共570条点评,锦屏街道河头路98号
43,墨客酒店(宁波栎社机场店),¥108起,4.4,共184条点评,同德路285号
44,宁波豪苑雅居酒店,¥170起,5.0,共3392条点评,鄞县大道西段1079号
45,南苑e家(宁波北仑春晓蓝海湾店),¥116起,4.4,共238条点评,春晓中一路328号
46,南苑e家plus酒店(宁波奥特莱斯机场店),¥145起,4.4,共362条点评,古林镇布政段梅路1号
47,汉庭酒店(宁波客运中心店),¥212起,4.9,共402条点评,启运路348号
48,宁波季号精选酒店,¥188起,4.8,共2069条点评,朝晖路136号
49,南苑e家(宁波镇海新城店),¥131起,4.3,共144条点评,慈海南路1230号
50,蔷薇艺术酒店(宁波印象城店),¥219起,4.9,共1488条点评,贸城东路88号
51,如家酒店(宁波庄市万科广场店),¥195起,4.8,共452条点评,庄市明海大道999号(明海商业广场旁)
52,宁波中山宾馆,¥53起,3.6,共31条点评,呼童街175号
53,南苑e家(宁波高塘富春江路店),¥145起,4.2,共297条点评,富春江路80号
54,如家派柏·云酒店(宁波北仑新大路店),¥156起,4.9,共108条点评,新碶街道新大路181号
55,ReMAX热麦电竞酒店(宁波站南塘老街店),¥397起,5.0,共629条点评,船埠巷83号
56,如家酒店(宁波火车站环城西路店),¥147起,4.1,共396条点评,环城西路南段256号
57,睿亚酒店(宁波百丈东路店),¥208起,4.3,共969条点评,百丈东路688号
58,宁波维娜电竞酒店(银泰罗蒙环球乐园店),¥144起,4.6,共126条点评,首南街道蝶缘路733号202室
59,汉庭酒店(宁波古林机场店),¥174起,5.0,共9条点评,古林镇云林东路488号
60,宁波米田商务酒店(栎社机场鄞州大道地铁站),¥122起,4.4,共159条点评,石碶街道雅渡村万成路118号
61,汉庭酒店(宁波北仑长江路地铁站店),¥208起,5.0,共193条点评,长江南路171号
62,如家酒店(宁波火车站古玩城店),¥157起,4.3,共181条点评,联丰中路388号
63,汉庭酒店(宁波镇海骆驼新店),¥181起,4.9,共207条点评,镇骆西路357号
64,宁波维娜电竞酒店(银泰罗蒙环球乐园店),¥144起,4.6,共126条点评,首南街道蝶缘路733号202室
65,汉庭酒店(宁波古林机场店),¥174起,5.0,共9条点评,古林镇云林东路488号
66,如家酒店(宁波体育馆店),¥217起,4.8,共362条点评,姚隘路361号
67,驿居酒店(宁波天一广场江厦桥地铁站店),¥232起,4.8,共391条点评,中山东路351号
68,汉庭酒店(宁波镇海骆驼新城店),¥156起,4.7,共281条点评,骆驼街道南一西路22号
69,锦江之星(宁波北仑区政府店),¥175起,4.5,共194条点评,恒山路863号
70,如家酒店(宁波高教园区钱湖南路店),¥171起,4.6,共299条点评,高教园区钱湖南路666号
71,宁波诺曼岛酒店,¥168起,4.4,共457条点评,东部新城河清北路369号业宁街195号4-1新府银座(2号楼4楼)
72,锦江之星(宁波高教园区嵩江东路地铁站四明东路酒店),¥188起,4.6,共367条点评,四明东路358号
73,格林豪泰(宁波客运中心店),¥131起,4.1,共183条点评,通达路415号
74,艾朴电竞酒店(宁波万象汇店),¥321起,4.8,共244条点评,嵩江东路791号金磐商铺4楼
75,金鹰宾馆(广平路店),¥76起,4.6,共11条点评,光明路14幢1号
76,宁波涛声宜居商务旅店,¥136起,4.7,共160条点评,丹凤四村60号1-12
77,汉庭酒店(宁波东钱湖莫枝北路店),¥314起,4.8,共400条点评,莫枝北路455号
78,宁波新红帮电竞酒店(奉化万达店),¥297起,4.7,共53条点评,奉化岳林街道金钟路288号三楼
79,ReMAX热麦电竞酒店(镇海区政府银泰店),¥336起,5.0,共299条点评,骆驼街道祥业街128号3-1室
80,汉庭酒店(宁波江北万达广场店),¥251起,5.0,共13条点评,江北大道1号深悦商业广场2幢
81,怡莱精品酒店(宁波镇海店),¥157起,4.7,共244条点评,车站路620号
82,如家酒店(宁波奉化银泰城万达广场店),¥186起,4.4,共354条点评,南山路154号
83,哈比比酒店公寓(宁波福明路店),¥244起,4.7,共465条点评,星辰路299号
84,庭酒店(宁波鼓楼天一广场店),¥348起,4.9,共5169条点评,中山西路57号(鼓楼正对面升阳泰大厦一楼)
85,易泊漫悦酒店(宁波罗蒙环球乐园银泰城店),¥311起,4.7,共1022条点评,首南街道天童南路1288-1302号
86,贝壳酒店(宁波市高桥地铁站店),¥137起,4.4,共342条点评,高桥镇高峰村杨家漕路178号
87,宁波拾意城市酒店,¥110起,4.3,共139条点评,高新区文康路扬帆广场27号
88,宁波山外山大酒店,¥159起,4.5,共127条点评,庄市街道兆龙路528号
89,格林豪泰(宁波火车站北广场店),¥247起,4.7,共525条点评,南站东路2号
90,云上曼居酒店(奉化人民医院店),¥173起,4.7,共280条点评,奉化市南山路88号
91,逸宿酒店(宁波天一广场江厦桥地铁站店),¥165起,4.6,共250条点评,彩虹北路113号
92,怡莱酒店(江北万达中体城店),¥165起,4.5,共88条点评,康庄南路505号
93,汉庭酒店(宁波乐橙荟店),¥267起,4.8,共36条点评,宜园路478号
94,骏怡连锁酒店(宁波镇海店),¥174起,4.8,共47条点评,蛟川街道俞范东路399号
95,稳电竞酒店(罗蒙环球城店),¥372起,4.9,共267条点评,句章东路1008号7楼-8楼
96,南苑e家(宁波红联店),¥182起,4.3,共173条点评,北仑红联振兴西路141号
97,格林豪泰(宁波会展中心汽车东站东店),¥182起,4.4,共172条点评,江东区兰亭路325号
98,逸宿轻居酒店(宁波奉化银泰城店),¥154起,4.4,共192条点评,广平路225号
99,东庭公寓(宁波滨江商业广场店),¥147起,4.8,共26条点评,王隘南路271号
100,哈比比高级公寓(宁波天一广场店),¥382起,4.6,共632条点评,车轿街45号银亿环球中心C座
1,成都四季风尚酒店(梁家巷地铁口店),¥27起,4.3,共473条点评,一环路北四段108号五星电器3楼，文殊院附近
2,笑脸里·好久不见青年旅舍(成都锦里武侯祠店),¥57起,4.8,共1579条点评,超洋路68号(3楼)
3,成都天馨酒店,¥78起,4.5,共1478条点评,高新西区合作路89号龙湖时代天街6栋0111
4,鹿先森·朴宿(成都东站东广场店),¥185起,5.0,共3887条点评,邛崃山路68号13栋2单元
5,速时8公寓(成都东站东广场店),¥162起,4.8,共4126条点评,邛崃山路68号东方新城二期12栋3单元203号
6,成都四海逸家东站公寓,¥223起,4.9,共2028条点评,嘉陵江路68号12栋3单元
7,怡都商务公寓(成都双流国际机场店),¥40起,4.4,共99条点评,西航港大道中二段333号5栋三单元12号
8,空港之星酒店(成都双流机场航站楼店),¥206起,4.9,共7296条点评,西航港大道中二段666号6栋1
9,7天酒店(成都市五医院地铁站店),¥111起,4.8,共448条点评,西凤街19号
10,成都图奇公寓,¥150起,4.8,共2066条点评,邛崃山路68号8栋3单元1603
11,成都爱尚云睿公寓,¥123起,4.9,共3094条点评,邛崃山路68号2号门
12,SONDERIA森德利亚国际青年旅舍,¥69起,4.6,共375条点评,星辉西路2号台谊民生大厦1-3楼
13,安楠塔云璟酒店公寓(成都天府怡心湖地铁站店),¥132起,4.9,共2028条点评,华阳街道祥鹤三街中海创客大厦云璟C座7楼711室
14,7天优品酒店(成都火车东站西广场地铁站店),¥358起,4.6,共2080条点评,火车东站西广场商业中心(沱江路1号)
15,旅行时光公寓(成都东站东广场店),¥152起,5.0,共3090条点评,邛崃山路68号东方新城二期12栋一单元
16,奕东轻居投影酒店(成都东郊记忆龙湖滨江天街店),¥384起,4.9,共3776条点评,成华大道龙湖梵城滨江天街1栋2单元2403室
17,速8酒店(成都一品天下地铁站店),¥232起,4.8,共1496条点评,蜀汉路426号上层建筑
18,逆时光公寓(成都东站店),¥270起,4.9,共5013条点评,嘉陵江路68号12栋3单元
19,禧瑞酒店(成都省体育馆地铁站店),¥251起,4.4,共1452条点评,玉林北街2号(近华西医院、省体育场地铁站)
20,易斯特公寓(成都东站西广场店),¥415起,4.9,共4209条点评,锦绣大道5547号梦魔方A座1楼
21,旅行时光公寓(成都东站东广场店),¥152起,5.0,共3090条点评,邛崃山路68号东方新城二期12栋一单元
22,成都爱尚云睿公寓,¥123起,4.9,共3094条点评,邛崃山路68号2号门
23,雅舒连锁公寓(成都东站店),¥173起,4.9,共7407条点评,嘉陵江路68号东方新城二期3号门
24,7天酒店(成都五大花园龙爪堰地铁站店),¥196起,4.7,共1512条点评,晋平街77号红运花园一期46栋附1号
25,7天优品premium酒店(成都双流广场地铁站体育中心店),¥173起,4.8,共1015条点评,塔桥路五段20号
26,瑞熙酒店(成都凤凰山体育公园店),¥226起,4.9,共1344条点评,大丰街道大天路505号
27,城市便捷酒店(成都温江大学城店),¥130起,4.8,共861条点评,杨柳东路南段18号
28,城市便捷酒店(成都西南财大万盛地铁站店),¥180起,4.9,共879条点评,学海路726号
29,百悦明心Loft公寓(成都龙泉经济港川师大店),¥135起,4.9,共882条点评,大面街道办事处金桉路60号百悦云景2幢10楼1005
30,城市便捷酒店(成都大熊猫基地店),¥233起,4.9,共549条点评,三河街道厚诚路8号1栋127号
31,7天酒店(成都宽窄巷子省医院地铁站店),¥413起,4.8,共1443条点评,一环路西三段7号西月大厦3楼
32,7天优品Premium(成都温江南熏大道地铁站店),¥138起,4.6,共391条点评,南江路208号
33,尖峰·悦电竞酒店(成都银泰城店),¥239起,5.0,共99条点评,益州大道南段216号2楼
34,网鱼电竞酒店(成都龙泉政务中心书房地铁站店),¥238起,4.9,共21条点评,北京路66号铂悦山5栋6层
35,瑞倍庭酒店(成都温江光华公园地铁站店),¥177起,4.9,共73条点评,光华大道三段1588号3栋2单元1015室
36,如家酒店(成都四川师大地铁店),¥279起,4.8,共542条点评,静安路1号附40号
37,海友酒店(成都青白江城厢古镇店),¥155起,4.9,共78条点评,金渊路81号附52号
38,7天酒店(成都宽窄巷子花牌坊地铁站店),¥285起,4.4,共749条点评,马家花园路3号锦西商厦4楼
39,锦城宜居酒店(双流国际机场店),¥315起,5.0,共950条点评,西航港大道中二段666号14栋
40,JM·集大美极影公寓(东郊记忆理工大学店),¥431起,4.8,共2221条点评,跳蹬河街道龙湖梵城1栋2单元16楼1625
41,空港御庭酒店(成都双流机场航站楼店),¥172起,4.9,共8366条点评,学府西路常乐小区南四街2号
42,成都1314情侣度假屋,¥318起,4.9,共5482条点评,一环路东五段46号天紫界商业大厦20楼
43,尘里格调精品公寓,¥215起,5.0,共63条点评,乐福城市生活广场公寓楼814室
44,成都繁星我们旅行酒店(春熙路太古里店),¥75起,4.6,共1180条点评,春熙路新街后巷子9号三益公商厦4楼
45,成都熊猫竹韵文化酒店,¥127起,4.5,共456条点评,西航港大道一段209号
46,成都21房酒店,¥121起,4.8,共1502条点评,红光镇高店路西段226号百维广场1栋21楼1-20号
47,馨兰艺术酒店(成都犀浦地铁站店),¥170起,4.9,共1127条点评,犀浦镇犀池二街102-106号
48,博海居酒店(成都百草路店),¥143起,4.9,共792条点评,汇川街388号1栋1单元5楼
49,Vadga·未来家高空投影美宿(成都双流国际机场店),¥212起,4.9,共74条点评,机场路近都段87号3栋010号
50,汉庭酒店(成都龙泉驿店),¥252起,4.8,共225条点评,龙泉街道龙都南路199号
51,甲居艺井酒店(成都植物园地铁站店),¥225起,4.8,共1327条点评,蓉都大道吉利安大厦
52,成都富力天城酒店,¥255起,4.6,共314条点评,建材路39号地铁4号线出口九熙广场2期3栋
53,燕子屋酒店(成都西博城兴隆湖店),¥103起,4.5,共157条点评,创意路与红梁东二街交叉口天府万科云城10栋1楼1024号
54,成都心月公寓式酒店,¥135起,4.8,共210条点评,伏龙北巷150号融创NANO公馆1幢
55,瑰雲设计师公寓(西博城天府商务区地铁站店),¥138起,4.9,共537条点评,兴康一街与隆祥街交汇处中铁天圆卓越广场二期1栋4楼
56,爆米花影院酒店(成都茶店子客运站店),¥114起,4.1,共423条点评,金牛坝路4号1栋12号(数码港五金机电城内)
57,汉庭酒店(成都华阳店),¥193起,4.9,共344条点评,华阳街道华新上街77号
58,秦皇雅居酒店(西博城红莲地铁站店),¥283起,5.0,共257条点评,宁波路西段553号天府之窗·星誉5栋1单元1楼109号
59,汉庭酒店(成都欢乐谷店),¥345起,4.8,共339条点评,金府路833号
60,成都天幕云居(金石路地铁站店),¥235起,4.8,共131条点评,三色路360号时光绘4栋
61,汉庭酒店(成都高新西区龙湖店),¥210起,4.8,共650条点评,合作路89号龙湖时代天街5栋
62,米垭酒店(成都世纪城新会展中心地铁站店),¥152起,4.8,共761条点评,高新区天府二街云华路348号无国界18栋2单元
63,成都香榭华景酒店,¥126起,4.8,共422条点评,龙城大道9号师大现代花园1栋2单元14楼
64,成都嘉兰城市酒店(温江南熏大道地铁站店),¥97起,4.2,共86条点评,文化路一号繁华时代广场9号楼
65,7天酒店(成都火车北站广场地铁站店),¥141起,4.8,共1030条点评,火车北站东一路87号
66,布丁严选酒店(成都双桥路地铁站万象城店),¥144起,4.2,共586条点评,双林路2号苏宁易购院内
67,V+Hotel电竞公寓(西华大学店),¥135起,4.8,共140条点评,红光镇广仪巷2号附1号
68,怡莱酒店(成都青白江店),¥130起,4.9,共325条点评,华金大道二段522号
69,蜜乐喵公寓(成都东站东广场店),¥183起,4.9,共832条点评,邛崃山路68号11栋二单元503
70,成都青程青旅公寓(春熙路IFS店),¥133起,4.8,共36条点评,华兴正街35号商业场新座1栋1单元4层
71,锦江之星(成都白果林地铁站店),¥337起,4.8,共642条点评,文华路23号
72,Honor U玺客服务公寓(成都金融城店),¥259起,4.9,共655条点评,交子大道500号合景.摩方L3誉峰遇见28楼
73,IGenie·爱精灵电竞酒店(成都银泰城店),¥258起,5.0,共942条点评,盛源街277号1幢10层
74,青沐酒店(成都西博城天府商务区店),¥165起,4.9,共140条点评,兴康一街317号中铁天圆卓越广场1栋2409室
75,城市便捷酒店(成都龙泉驿北京路店),¥167起,4.4,共300条点评,北京路138号(壹中心1栋2单元25楼)
76,ET电竞公寓(成都双流机场店),¥264起,4.9,共68条点评,川大路三段空港星汇2期10栋3楼313室
77,成都克莱雅轻奢公寓,¥201起,4.9,共665条点评,雅和街224号2栋15楼
78,成都奕东酒店(西宸天街店),¥365起,4.9,共915条点评,西顺街花照壁388号紫宸星座4期1栋1楼
79,无陨空间电竞酒店(成都环球中心航天城上城店),¥269起,4.9,共645条点评,益州大道中段599号13栋2层201号
80,爱电竞酒店(成都建设路红星桥地铁站店),¥384起,4.4,共58条点评,猛追湾横街188号2栋37楼
81,成都奕东酒店(西宸天街店),¥365起,4.9,共915条点评,西顺街花照壁388号紫宸星座4期1栋1楼
82,山萌酒店(成都青白江文化体育中心店),¥160起,4.5,共249条点评,凤祥大道780号附1号
83,蜀郡印象酒店(成都世纪城新会展中心店),¥143起,4.9,共1150条点评,天府二街669号
84,由里自助酒店(成都百草路地铁站店),¥100起,4.5,共419条点评,高新区天辰路101号晨风社区25栋1单元
85,成都怡心家公寓(怡心湖地铁站店),¥104起,4.8,共109条点评,沈阳路西段33号翡翠公园万科生活广场1栋6层607
86,枫婉假日酒店(成都蜀都万达店),¥141起,4.5,共41条点评,望丛东路125号蜀都万达广场14栋3单元10楼
87,尚玺酒店(成都马超西路地铁站店),¥313起,4.9,共750条点评,新都街道香城大道电子路段438号海乐荟广场A座 6，7，8楼
88,爱电竞酒店(成都新会展环球中心店),¥464起,5.0,共615条点评,天府一街两江国际369号一栋二单元31楼
89,幸会酒店公寓(成都熊猫基地店),¥228起,4.8,共491条点评,龙树东一路88号华宇旭辉锦绣广场3栋1单元2楼附245号
90,好住·雅客居精选影院式公寓(建设路东郊记忆公园店),¥277起,4.9,共78条点评,成华大道杉板桥路333号5栋24层2405号
91,成都君珩酒店(新都石油大学店),¥216起,4.9,共983条点评,桂湖街道东环路303号
92,天龙精品酒店(成都华阳地铁站店),¥126起,4.3,共451条点评,广都大道利民2街(华阳中学)
93,岚语·投影公寓 (锦华万达东光地铁站店),¥292起,4.8,共78条点评,锦华路一段160号中港广场2幢24层2430室
94,铭铭公寓(成都火车东站奥园广场店),¥371起,4.9,共274条点评,奥园广场三期4栋
95,景城佳宿公寓(珠江广场光华公园地铁站店),¥166起,4.9,共618条点评,光华大道三段珠江新城国际购物中心1588号3栋1单元1412号
96,成都悦享栖巢公寓,¥203起,4.8,共324条点评,交子大道998号润富国际9栋9层907
97,星辰酒店(西华大学银杏学院店),¥115起,4.6,共52条点评,红光街道广场路北三段68号朗诗未来家2幢1楼
98,7天优品酒店(成都火车东站地铁站店),¥321起,4.6,共584条点评,锦绣大道4599号9栋荣盛香榭兰庭
99,清雅竹韵精品公寓(成都太古里春熙路),¥334起,4.6,共324条点评,红星路二段庆云南街69号红星国际6号楼703
100,悠然居·柒月公寓酒店(成都新会展中心店),¥257起,5.0,共122条点评,天府二街269号恒大珺临阁29栋15楼
1,逸思聆江青年旅舍(桂林两江四湖象山公园店),¥40起,4.5,共275条点评,信义路7号
2,尚客优连锁酒店(桂林北站高铁广场店),¥282起,4.9,共1303条点评,广福街东巷8号
3,桂林今日城酒店,¥335起,5.0,共1277条点评,金水路中段109号
4,美漓酒店(桂林万福广场店),¥200起,4.8,共1002条点评,凯风路122号
5,晨居轻奢酒店(桂林北站恒大广场店),¥249起,4.6,共749条点评,恒大广场25栋801，近恒大影城
6,凯思酒店(桂林火车北站店),¥266起,4.9,共1269条点评,北辰路47-1号康城大楼1楼
7,桂林漓江湾主题酒店(桂林火车北站店),¥218起,4.8,共512条点评,定江镇广发路1号
8,金维纳酒店(桂林临桂医学院店),¥254起,5.0,共4335条点评,人民路162号
9,格林豪泰快捷酒店,¥159起,4.5,共509条点评,麓湖国际社区E1栋1楼
10,桂林金维利皇家酒店(人民路店),¥186起,4.8,共2390条点评,人民路94号
11,城市便捷酒店(桂林市政府店),¥261起,4.8,共400条点评,世纪大道时运综合楼2号楼
12,三年二班电竞酒店(桂林火车站象山公园店),¥300起,4.9,共469条点评,中山南路61号10楼
13,如家酒店·neo(桂林高铁北站店),¥269起,4.6,共512条点评,北辰路86号
14,金海湾公寓(桂林北火车站店),¥284起,4.8,共1357条点评,站前路1号恒大广场27栋8层8006
15,桂林遇见时尚主题酒店(天下桂林步行街店),¥190起,4.7,共1244条点评,榕山路中国农业银行旁边
16,奥森酒店(桂林火车站中山南路店),¥273起,4.4,共1026条点评,中山南路49号
17,城市便捷酒店(桂林金山广场店),¥255起,4.8,共317条点评,金水路12号1幢
18,城市便捷酒店(桂林象鼻山公园店),¥399起,4.9,共700条点评,民主路1号
19,雅斯特美途酒店(桂林火车站象山公园店),¥361起,4.8,共4384条点评,中山南路78号
20,桂林蚂蚁酒店(火车站店),¥335起,4.9,共540条点评,中山南路38号
21,如家酒店·neo(桂林高铁北站店),¥269起,4.6,共512条点评,北辰路86号
22,UU电竞酒店(桂林中心广场象鼻山景区店),¥391起,4.9,共557条点评,中山中路11号桂兵大厦5楼
23,桂林金维利皇家酒店(人民路店),¥186起,4.8,共2390条点评,人民路94号
24,花千树青年酒店(桂林两江国际机场店),¥121起,4.5,共192条点评,两江镇同山门村路口
25,城市便捷酒店(桂林金山广场店),¥255起,4.8,共317条点评,金水路12号1幢
26,临桂大酒店(桂林火车站店),¥280起,4.6,共560条点评,中山南路78号
27,城市便捷酒店(桂林甲天下广场会展中心店),¥286起,4.8,共326条点评,漓江路18号
28,如家酒店·neo(桂林火车站店),¥280起,4.7,共608条点评,翠竹路8号
29,莱雅酒店(桂林深科技店),¥115起,4.7,共144条点评,临苏路与瑞宁路交叉口南50米
30,桂林亚细亚皇家酒店(机场路店),¥215起,4.8,共405条点评,临桂榕山路173号
31,桂林机场酒店(两江国际机场店),¥328起,4.9,共279条点评,两江国际机场11号路机场加油站东南500米
32,莱米酒店(桂林两江四湖东西巷店),¥406起,4.9,共2209条点评,三多路2号
33,海翔宾馆(桂林电子科技大学店),¥49起,4.7,共6条点评,六合路金鸡路口(激光通信研究所斜对面)
34,桂林凡客优选酒店(两江机场店),¥94起,4.8,共138条点评,两江镇高妙村委306省道同山门
35,城市便捷酒店(桂林七星公园东西巷店),¥350起,4.6,共416条点评,栖霞路2号
36,锦尚精品酒店(桂林火车站两江四湖店),¥395起,4.9,共3224条点评,中山南路78号
37,7天酒店(桂林北极广场虞山公园店),¥464起,4.7,共898条点评,中山北路67号
38,城市便捷酒店(红岭路桂林火车站店),¥325起,4.8,共336条点评,桂林机场大道红岭路218号
39,曼舍酒店(桂林两江四湖东西巷店),¥518起,4.9,共2181条点评,榕荫路22号-1
40,7天优品酒店(桂林两江四湖中心广场店),¥531起,4.8,共1403条点评,依仁路22号
41,曼舍酒店(桂林两江四湖东西巷店),¥518起,4.9,共2181条点评,榕荫路22号-1
42,云酒店(桂林七星会展万达店),¥453起,4.9,共2412条点评,穿山东路41号彰泰天街8栋
43,桂林广湖客栈(火车站象山公园店),¥83起,4.8,共195条点评,银锭路10号
44,桂恒公寓酒店(桂林北站恒大广场店),¥333起,4.8,共351条点评,恒大广场25栋公寓6楼
45,阅己公寓(桂林高新万达广场店),¥253起,4.3,共528条点评,万达华府8栋一楼铺面1-12号
46,桂林时代主题酒店(桂林高铁北站店),¥131起,4.5,共212条点评,广茂巷3号
47,精途酒店(桂林沃尔玛店),¥331起,4.8,共318条点评,中山北路102号
48,唯美四季酒店(桂林火车站万象城店),¥274起,4.3,共354条点评,环城西二路8号
49,湘桂大酒店(桂林火车北站店),¥260起,4.6,共459条点评,八里街盈丰路桂乐苑小区
50,盛鑫便捷酒店(桂林北火车站店),¥149起,4.8,共123条点评,定江镇广祥东巷16号
51,微·时光精品酒店(桂林两江机场旗舰店),¥179起,4.6,共418条点评,两江镇高妙村委同山门新村安置点
52,城市便捷酒店(桂林虞山桥香格里拉店),¥341起,4.4,共160条点评,环城北二路6号虞山桥头
53,桂林城北快捷宾馆,¥67起,4.1,共5条点评,广源南街10号
54,汉庭酒店(桂林瓦窑批发城店),¥294起,4.7,共539条点评,瓦窑西路20号
55,宝利莱智能酒店(桂林市政府店),¥280起,4.9,共103条点评,临桂镇仕通路69号
56,如家华驿酒店(桂林高铁北站店),¥251起,4.5,共152条点评,新民路56号
57,奥维利酒店(桂林医学院第二附属医院人民路店),¥217起,4.4,共159条点评,人民路七巷236号
58,莫那笛臻品酒店(桂林吾悦广场店),¥608起,5.0,共848条点评,临桂大道九号吾悦广场尚寓(8栋)4-17室
59,城市便捷酒店(桂林两江四湖日月双塔店),¥485起,4.7,共758条点评,中山中路17号
60,城市便捷酒店(桂林火车站店),¥354起,4.7,共529条点评,中山南路51号
61,城市便捷酒店(桂林医学院桂湖店),¥306起,4.7,共360条点评,三皇路28号1栋
62,云漫酒店(桂林北站恒大广场店),¥274起,5.0,共114条点评,广发路恒大广场27栋10层1002号
63,荞麦青年酒店(桂林两江国际机场店),¥195起,4.5,共316条点评,两江镇同山门新村
64,歌斐酒店(桂林市政府花生唐店),¥323起,4.7,共592条点评,西城南路1号花样年花样城5栋B座大堂旁
65,蓝宝石酒店(桂林两江四湖桂林站店),¥447起,4.6,共379条点评,西城路步行街9号
66,乐驿酒店公寓(桂林高铁北站店),¥434起,4.4,共448条点评,站前路恒大广场25栋12楼25号房
67,金泰快捷酒店(桂林高铁北站店),¥173起,4.8,共156条点评,新民街54号
68,东坊·西厢青年旅舍(克莱因蓝主题店),¥87起,4.9,共110条点评,东江路28号漓东休闲商业街10栋1单元201室
69,佳缘酒店(桂林火车北站恒大广场店),¥277起,4.8,共122条点评,站前路恒大广场27栋1602
70,维多利酒店(桂林机场路店),¥217起,4.7,共208条点评,榕山路30号
71,东升商务大酒店(桂林两江国际机场店),¥235起,4.7,共306条点评,两江镇省道306线北侧(原两江派出所)华莱士对面
72,桂林楠溪温馨主题民宿(桂林恒大广场火车北站店),¥271起,4.8,共152条点评,站前路2号恒大广场27栋1711房
73,维漓纳酒店(桂林高铁北站店),¥302起,4.5,共158条点评,定江镇盈丰路12号
74,澄通公寓酒店(桂林高铁北站恒大广场店),¥407起,4.6,共318条点评,站前路2号桂林恒大广场25栋20层2025号房
75,义沣酒店(桂林人民路店),¥343起,4.9,共168条点评,人民路延长线西北面
76,悦漫酒店(桂林电子科技大学店),¥433起,5.0,共5条点评,朝阳乡毛家村11号
77,桂林联华宾馆(桂林百货大楼象山公园店),¥353起,4.2,共181条点评,文明路7号
78,AG电竞酒店(桂林会展中心七星公园店),¥402起,4.7,共161条点评,漓江路19号时代天悦都市旅游休闲购物中心6号楼6楼
79,汉庭酒店(桂林两江四湖七星公园店),¥471起,4.6,共303条点评,穿山路1号
80,梵泊美地酒店(桂林两江四湖东西巷店),¥606起,4.6,共963条点评,正阳路77号
81,东升商务大酒店(桂林两江国际机场店),¥235起,4.7,共306条点评,两江镇省道306线北侧(原两江派出所)华莱士对面
82,维多利酒店(桂林机场路店),¥217起,4.7,共208条点评,榕山路30号
83,桂林花间舍时尚民宿(两江国际机场店),¥143起,4.8,共361条点评,临桂区两江镇高妙村委同山门村306省道旁
84,云泽大酒店(桂林火车北站恒大广场店),¥365起,4.5,共300条点评,桂林北站恒大广场25栋
85,豪缘主题酒店(桂林师范大学雁山校区店),¥228起,4.5,共273条点评,雁中路16号雁山新城1栋
86,云桂拾光公寓(桂林恒大广场高铁北站店),¥222起,4.8,共198条点评,站前路2号恒大广场27栋22楼2228室
87,金丰大酒店(桂林八里街店),¥305起,4.5,共113条点评,八里街开发区八里三路8号
88,雄兴大酒店(桂林高铁北站店),¥116起,4.5,共117条点评,广源南路40-41号
89,桂林三满酒店,¥180起,4.6,共111条点评,中山南路24号
90,柏菲商务酒店(桂林中山北路店),¥290起,4.6,共140条点评,中山北路67号
91,万怡酒店(桂林高铁北站店),¥287起,4.7,共277条点评,广发路10号桂乐苑
92,桂林富凯公寓,¥96起,5.0,共1条点评,四塘镇刘村邮电希望小学南侧约160米
93,渔家客栈(桂林两江四湖象鼻山店),¥431起,4.9,共380条点评,临江路别墅区20栋
94,时光民宿(桂林北站恒大广场店),¥252起,4.9,共72条点评,站前路2号恒大广场一期27栋12楼前台
95,隽舍·Junshe Boutique Hotel,¥278起,4.8,共33条点评,朝阳西路19号
96,濠璟酒店(桂林电子科技大学店),¥264起,4.8,共156条点评,东二环路与金鸡路交汇处北300米路西
97,箐程雅居客栈(桂林象山公园两江四湖店),¥441起,4.6,共273条点评,交通路6号
98,桂林范范舍下公寓(高新万达广场店),¥401起,4.9,共38条点评,毛塘路棠棣之华31栋
99,桂林秀丽亭民宿(漓江冠岩店),¥469起,5.0,共23条点评,草坪乡草坪街二队110号
100,云庭度假智慧民宿(桂林师大店),¥468起,5.0,共1条点评,朝阳路12号
1,易佰良品酒店(南京东南大学诚信大道地铁站店),¥124起,4.3,共1801条点评,诚信大道988-8栋殷巷华润苏果超市4楼
2,南京怡家商务酒店(禄口机场店),¥195起,4.9,共6552条点评,禄口街道石埝社区中心大道石埝村36-1号
3,个尔仲宿共享酒店(南京新街口店),¥56起,4.5,共339条点评,王府大街63号中泰大厦一、二楼63-2
4,海棠酒店(南京禄口国际机场店),¥117起,4.8,共1317条点评,禄口街道石埝社区石埝村7号
5,南京安之行宾馆(禄口机场店),¥197起,4.9,共1862条点评,禄口街道石埝中心大道中心村99号
6,清悠精选酒店(南京禄口国际机场店),¥183起,5.0,共1726条点评,禄口街道石埝社区石埝村24号
7,艺龙安云酒店(南京江宁东南大学南门店),¥282起,4.8,共477条点评,东南大学路22号南门东大商业街C2-1号
8,布丁酒店(南京南站北广场绿地之窗店),¥461起,4.5,共3776条点评,江南路2号3楼
9,艺选安來酒店(南京诚信大道地铁站店),¥309起,4.8,共202条点评,诚信大道 699号
10,多园青年旅舍(南京新街口地铁站店),¥111起,4.8,共811条点评,石鼓路56号301室
11,7天优品酒店(南京奥体国际会展中心店),¥400起,4.9,共1152条点评,中和路130号
12,汉庭酒店(南京河西万达店),¥508起,5.0,共447条点评,江东中路42号(近河西万达广场)
13,7天酒店(南京林业大学蒋王庙地铁站店),¥356起,4.4,共877条点评,花园路1-58号
14,清沐精选酒店(南京热河路阅江楼风景区店),¥422起,4.8,共865条点评,中山北路593号
15,怡莱酒店(南京南站河定桥地铁站店),¥489起,4.9,共758条点评,秦淮路4号青春水岸家园2栋1楼101
16,7天连锁酒店(南京鼓楼医院珠江路地铁站店),¥508起,4.4,共1626条点评,珠江路同仁西街7号
17,7天优品酒店(南京新街口地铁站店),¥520起,4.8,共1320条点评,洪武路38号时尚莱迪·正洪大厦8楼
18,爱电竞酒店(南京迈皋桥晓庄地铁站店),¥497起,4.8,共143条点评,和燕路349号
19,汉庭酒店(南京新街口华侨路店),¥548起,4.5,共638条点评,华侨路81号(太平洋建设对面)
20,清沐酒店(南京五台山广州路随园大厦店),¥486起,4.4,共1147条点评,广州路140号随园大厦1楼
21,小时光宾馆(南京禄口机场店),¥358起,5.0,共4352条点评,禄口街道石埝社区张塘角12号
22,网鱼电竞酒店(竹山路地铁站店),¥300起,4.9,共205条点评,天元东路52号
23,都汇壹品(南京南站店),¥636起,4.7,共1726条点评,东山街道竹翠路6号都荟天地城A4幢二单元104室
24,途客轻居酒店(南京南站胜太路地铁站店),¥533起,4.8,共1007条点评,双龙大道1300号
25,格林豪泰青皮树酒店(南京林业大学新庄地铁站店),¥476起,4.5,共674条点评,锁金五村锁金北路16号(林化所内)
26,欣航宾馆(南京禄口机场店),¥123起,4.8,共998条点评,街道石埝社区张塘角3号
27,莫泰168(南京江宁大学城龙眠大道地铁站店),¥366起,4.8,共999条点评,天元东路827号
28,汉庭酒店(南京溧水机场路店),¥112起,4.7,共148条点评,秦淮大道188好北辰新苑01幢
29,如家酒店·neo(南京林业大学花园路新庄地铁站店),¥558起,4.8,共1158条点评,花园路28号(长途东站对面)
30,如家派柏·云酒店(南京禄口国际机场铜山地铁站店),¥187起,4.4,共823条点评,禄口街道铜山金航大道288号
31,格林豪泰快捷酒店(南京桥林店),¥172起,4.6,共195条点评,丹桂路19号(桥林街道兰花塘社区兰桥汇商业19-6-13)
32,汉庭酒店(南京浦口南大店),¥332起,4.8,共179条点评,星火北路8号
33,清沐精选酒店(南京江宁陶吴镇店),¥175起,4.8,共417条点评,横溪街道陶吴社区狮子山44号
34,如家酒店·neo(南京禄口机场信诚大道皮草城店),¥244起,4.8,共368条点评,禄口街道信诚大道47号
35,南京夫子庙景区喜鹊酒店,¥124起,4.8,共189条点评,来燕路1号3层
36,汉庭酒店(南京东南大学诚信大道地铁站店),¥425起,4.9,共479条点评,诚信大道990号
37,格林豪泰智选酒店(南京浦口开发区台积电店),¥219起,4.5,共47条点评,桥林开发区芯宁雅舍商业街S2栋
38,城市精选酒店(南京仙林大学城店),¥398起,4.9,共289条点评,尧化街道科创路1号金港科创园二期01栋
39,瑞华酒店(南京新街口店),¥871起,4.9,共1316条点评,俞家巷21号
40,清沐精选酒店(南京玄武湖鼓楼地铁站店),¥564起,4.3,共844条点评,峨眉路5号
41,榴莲糖果精选酒店(龙华路地铁站江浦客运站店),¥288起,4.8,共443条点评,江浦街道龙华路26号金盛田铂宫08栋105室
42,万爱情侣主题酒店(南京夫子庙店),¥834起,5.0,共2909条点评,夫子庙大石坝街68号
43,南京情之海酒店 (禄口国际机场店),¥263起,4.8,共1122条点评,禄口街道石埝社区石埝村91-1号
44,清沐铂金酒店(南京浦口文德路地铁站店),¥360起,4.8,共245条点评,江浦街道文德路28号
45,网鱼电竞酒店(南京东山地铁站江宁万达店),¥361起,4.8,共267条点评,江宁街道明月路188号香海大厦四楼
46,汉庭酒店(南京东郊小镇地铁站店),¥541起,5.0,共434条点评,汤山街道麒东路777号东郊小镇二期三栋一室
47,网鱼电竞酒店(南京水西门大街莫愁湖公园店),¥397起,4.8,共326条点评,水西门大街336号
48,花筑·闲居酒店(南京六合凤凰山公园店),¥185起,4.6,共115条点评,园林东路26号
49,汉庭酒店(南京五塘广场店),¥703起,4.9,共1025条点评,幕府西路29号
50,汉庭酒店(南京葛塘地铁站店),¥304起,4.8,共440条点评,宁六路400号
51,汉庭酒店(南京百家湖1912店),¥595起,5.0,共116条点评,天元西路199号2幢
52,如家派柏·云酒店(南京禄口机场店),¥219起,4.7,共192条点评,永欣商业街四角井商业街7-13号
53,布丁严选酒店(南京浦口虹悦城龙华路地铁站店),¥237起,4.7,共106条点评,公园北路2号
54,格林豪泰酒店(南京江宁大学城交院地铁站店),¥311起,4.3,共223条点评,龙眠大道618号
55,如家睿柏·云酒店(南京高淳地铁站镇兴路店),¥144起,4.6,共121条点评,镇兴路177号
56,汉庭酒店(南京仙林红枫科技园店),¥413起,4.9,共517条点评,西岗街道摄山星城摄山路5-8号
57,莫泰酒店(南京新街口王府大街店),¥667起,4.5,共410条点评,王府大街8号
58,汉庭酒店(南京江浦龙华路地铁站店),¥530起,4.9,共523条点评,江浦街道龙华路26号金盛田铂宫07幢
59,7天酒店(南京新街口上海路地铁站店),¥679起,4.6,共1257条点评,汉中路168号
60,汉庭酒店(南京丹凤街店),¥687起,4.9,共1071条点评,唱经楼西街28号
61,汉庭优佳酒店(南京南航大学店),¥415起,4.9,共313条点评,胜太西路160号
62,清沐酒店(南京信息工程大学地铁站杨新路店),¥189起,4.8,共128条点评,大厂街道杨新路108号桂馨园33幢
63,丽华酒店(南京禄口国际机场店),¥146起,5.0,共38条点评,禄口街道石埝社区下浣溪113号1栋
64,映像影院主题酒店,¥265起,5.0,共59条点评,龙眠大道618号协众雅居12幢803室
65,网鱼电竞酒店(南京定淮门大街龙江店),¥473起,4.9,共213条点评,郑和南路109号3楼
66,贵源宾宾馆(南京禄口国际机场金肯学院店),¥194起,4.9,共495条点评,禄口机场铜山镇石埝社区
67,花筑·云客居酒店(南京禄口国际机场店),¥287起,4.7,共1139条点评,禄口街道石埝社区庄盖村2-1号
68,轻奢易菲影院公寓,¥205起,4.9,共241条点评,凤山西路70号宝龙珑寓1单元7楼706室
69,如家酒店(南京新街口中山东路西安门地铁站店),¥730起,4.6,共755条点评,中山东路二条巷64号
70,南京新街口茗淑小筑女生青年旅舍,¥110起,4.8,共131条点评,石鼓路60号建华大厦附楼804
71,艾米酒店公寓(南京奥体新城科技园店),¥520起,4.8,共867条点评,楠溪江东街55号龙湖时代上城3幢107室
72,艺选安來酒店(南京江宁河海大学地铁站店),¥356起,4.6,共544条点评,佛城东路8号(将军大道与佛城东路交叉口)
73,贝壳酒店(南京江宁大学城店),¥212起,4.3,共166条点评,文博路2号文博苑55幢
74,提莫电竞酒店(南京新街口店),¥683起,4.8,共1601条点评,洪武路317号
75,7天酒店(南京省人民医院汉中门地铁站店),¥605起,4.8,共647条点评,龙蟠里14号
76,海友酒店(南京胜太路地铁站店),¥319起,4.8,共173条点评,庄排路1号
77,如家酒店(南京中山东路总统府解放路店),¥665起,4.5,共732条点评,解放路44号
78,怡莱酒店(南京中山陵风景区店),¥586起,4.5,共518条点评,中山门大街99号-7幢109-114室
79,海友酒店(南京夫子庙中华路店),¥458起,4.8,共330条点评,中华路308号
80,格林豪泰酒店(南京中大医院湖南路步行街店),¥478起,4.3,共281条点评,湖南路狮子桥32号
81,南京茗淑小筑女生青年旅舍(南京新街口金鹰店),¥110起,4.9,共138条点评,石鼓路107号华威大厦20层20A室
82,登巴国际青年旅舍(南京夫子庙地铁站店),¥174起,4.8,共873条点评,建康路185号招商花园里三楼
83,燕雀湖花园酒店(南京禄口国际机场店),¥251起,4.8,共247条点评,禄口国际机场东门鲲鹏路179号
84,机场便捷酒店(南京禄口机场金城学院店),¥134起,4.8,共946条点评,禄口街道下浣溪50-1号
85,南京优丰酒店(禄口国际机场店),¥127起,4.7,共313条点评,禄口街道铜山镇金航路121号
86,悦居酒店(南京禄口国际机场店),¥166起,4.9,共768条点评,张塘角5-2号
87,榴莲糖果酒店(南京竹山路地铁站店),¥313起,4.7,共571条点评,竹山路359号
88,怡莱酒店(南京江宁天印大道店),¥276起,4.6,共156条点评,上元大街888号
89,清沐酒店(南京大桥南路财经大学店),¥544起,4.7,共850条点评,大桥南路8号
90,如家neo-南京奥体中心黄山路店,¥499起,4.6,共335条点评,黄山路99号
91,芷屿青年旅舍(南京夫子庙店),¥143起,4.5,共429条点评,长乐路226号01栋7楼
92,摩登都市公寓(南京溧水万达店),¥120起,4.4,共337条点评,永阳镇高平大街55号万达广场公寓7栋底商101号门面
93,佳之悦宾馆(南京禄口国际机场店),¥209起,4.8,共330条点评,禄口街道石埝社区中心村88号
94,海友酒店(南京油坊桥地铁站店),¥258起,4.4,共227条点评,西善桥北路50号
95,清沐精选酒店(南京新街口杨公井店),¥736起,4.5,共1101条点评,延龄巷2号
96,南京汇丽酒店(东部战区总医院南京博物院店),¥510起,4.4,共459条点评,解放路42号
97,布丁严选酒店(南京大学鼓楼医院珠江路地铁站店),¥477起,4.4,共509条点评,丹凤街都司巷1号
98,南京鑫润宾馆,¥349起,4.3,共220条点评,中央门东门街42-1号
99,如家·neo(南京桥北弘阳广场泰山新村地铁站店),¥505起,4.7,共479条点评,大桥北路89号
100,汉庭酒店(南京新街口上海路店),¥718起,4.8,共785条点评,上海路4号
1,在路上酒店公寓(厦门翔安文教园店),¥303起,5.0,共1925条点评,新店街道翔安东路2879-102号
2,棠下花商旅酒店(厦门翔安文教园店),¥643起,5.0,共4955条点评,翔安东路2871号
3,心远酒店(厦门集美杏林东路店),¥551起,5.0,共3784条点评,杏林东路31号
4,花筑·厦门锐枫酒店(同安宝龙广场店),¥254起,4.4,共538条点评,大同街道凤山路凤山二里127-128号
5,厦门微客青年旅舍,¥321起,4.8,共1811条点评,思明南路39号来雅百货维品食尚四楼
6,如家酒店·NEO(厦门同安方特梦幻王国店),¥560起,4.8,共2109条点评,同集北路920
7,厦门沫寓酒店式公寓,¥322起,4.6,共868条点评,围里社2007号2楼，近坂尚路与围里路交叉口
8,7天优品酒店(厦门机场殿前店),¥485起,4.6,共1338条点评,殿前一路289号高殿大厦3-5层
9,7天酒店(厦门金尚蔡塘地铁站店),¥642起,4.9,共1880条点评,后坑前社185号
10,厦门经典公寓(高崎国际机场店),¥291起,4.6,共1769条点评,厦门经典公寓围里社1610号
11,厦门花茿·苑居酒店公寓(高碕机场店),¥522起,4.9,共333条点评,林后社12号201室
12,如家酒店·NEO(厦门同安城南路方特梦幻乐园店),¥463起,4.5,共826条点评,城南大街299-1号
13,厦门朴易居酒店((会展中心莲前西路店)),¥548起,4.7,共2772条点评,西林路2-12号
14,锦江之星(厦门北站嘉庚体育馆店),¥581起,4.5,共875条点评,孙坂南路62号之三
15,初见影院酒店,¥542起,5.0,共196条点评,翁角路新垵村东片453号
16,莫泰268(厦门火车站万象城店),¥861起,4.6,共1892条点评,湖滨东路9号
17,心远电竞酒店(厦门莲前西路火车站店),¥642起,4.9,共849条点评,莲前西路358号莲成大厦
18,格林豪泰智选酒店(厦门海沧新阳店),¥567起,4.8,共386条点评,新阳工业区新光路260号
19,艺选酒店(厦门大学世茂双子塔店),¥1159起,4.8,共783条点评,沙坡尾大学路177号恒达大厦二楼三楼
20,心远电竞酒店(厦门集美学村石鼓路店),¥613起,5.0,共1242条点评,岑东路152号
21,南屿轻奢设计公寓(厦门高崎国际机场店),¥366起,4.9,共56条点评,围里社1163号321室
22,厦门翔都乐商务酒店,¥140起,4.6,共99条点评,马巷镇郑坂东二里5号
23,慕思·艺民宿(厦门北站旺角新天地店),¥235起,4.8,共35条点评,后溪镇埔中央里42-2号
24,维亚格芮酒店,¥283起,5.0,共78条点评,西三里111号
25,北站和福客栈(天水路地铁站店),¥762起,5.0,共3268条点评,珩圣路537-539号
26,锦江之星酒店(厦门翔安马巷店),¥323起,4.7,共474条点评,马巷镇池王宫路2000号
27,沁园酒店(嵩屿码头店),¥532起,4.9,共1009条点评,嵩屿南路187号202
28,航天公寓(厦门机场店),¥367起,4.8,共399条点评,金尚路林后社251号
29,厦门云上设计公寓,¥401起,5.0,共559条点评,马巷镇巷东路119号401室
30,派柏·云酒店(厦门高崎机场中医院店),¥769起,4.7,共3695条点评,台湾街318号
31,7天优品酒店(厦门机场翔鹭店),¥494起,4.7,共886条点评,长虹路198号寨上2组10号综合楼
32,厦门忆居公寓,¥344起,4.8,共886条点评,万科云城12号楼
33,厦门欧特菲尔商务酒店,¥358起,4.1,共334条点评,天安路100号
34,厦门栖隐舒心民宿,¥570起,4.8,共776条点评,曾厝垵西里125
35,如家酒店(厦门会展中心莲前西路店),¥616起,4.5,共553条点评,西林东路1-19号
36,厦门印象酒店公寓,¥413起,4.9,共58条点评,仙岳路湖里万达广场4672号SOHO公寓楼11层1115室
37,云舍雅居酒店,¥677起,4.9,共270条点评,围里社1657号附101号二楼
38,栖溪公寓(厦门北站店),¥558起,4.9,共223条点评,后溪镇珩山二里万科大都荟8号1007室
39,泊寓院儿( 厦门海湾社区店),¥605起,4.8,共130条点评,港中路1565号
40,如家酒店·neo(厦门会展中心环岛路店),¥772起,4.6,共733条点评,文兴东路400号
41,汉庭酒店(厦门集美学村店),¥696起,4.8,共969条点评,集源路28号
42,厦门一夕无尤影院美墅(翔安华天涉外职业学院店),¥207起,4.8,共272条点评,新店镇福祥路2号3楼
43,厦门微客青年旅舍(厦门火车站店),¥255起,4.9,共216条点评,湖滨东路9号2楼
44,旅知家酒店式公寓,¥367起,4.9,共14条点评,同辉路124号
45,厦门翔莱之家旅馆,¥165起,4.8,共78条点评,新店镇新兴街496号
46,海境隐奢·设计师智能度假酒店,¥1078起,4.8,共398条点评,演武西路180号世茂海峡大厦A座52楼
47,厦门海宿顺风客栈,¥256起,4.6,共900条点评,围里社791号
48,厦门阿吾雅舍民宿,¥256起,4.8,共128条点评,后溪镇岩内埔中央里56-1号
49,汉庭酒店(厦门同安城南店),¥524起,4.7,共413条点评,环城南路26号
50,厦门隐栖民宿,¥815起,4.8,共274条点评,曾厝按西里95号
51,简约公寓(厦门北站华侨大学店),¥358起,4.5,共242条点评,万科云城11号楼
52,厦门悦泊酒店,¥359起,4.7,共322条点评,马巷镇西炉路600号邻里商业中心1号楼2楼
53,爱莱公寓(厦门湖里万达店),¥505起,4.9,共765条点评,万达广场SOHO公寓B1栋
54,如家酒店·neo(厦门中山路步行街八市店),¥1174起,4.8,共2884条点评,鹭江道270号远洋大厦4楼
55,韩友舍公寓(厦门华侨大学店),¥318起,4.7,共295条点评,侨英街道创意城万科云城11栋2楼208室
56,厦门心悦锦舍酒店(湖里万达广场店),¥931起,4.9,共53条点评,金钟路21号2A栋一楼
57,厦门北站沐时光酒店,¥527起,4.8,共482条点评,厦门北站旁埔中央90号
58,厦门万轩精品公寓(灌口万达店),¥279起,4.4,共142条点评,灌口镇灌口大道1388号337室
59,厦门宇航客栈(高崎机场店),¥410起,4.8,共551条点评,围里社861号101
60,你好酒店(厦门集美学村店),¥786起,5.0,共288条点评,同集南路41号
61,布书酒店(厦门SM广场店),¥985起,4.8,共1488条点评,嘉禾路337号
62,厦门海之澜客栈(黄厝沙滩店),¥587起,4.8,共176条点评,环岛路黄厝村黄厝社138号
63,如家酒店(厦门SM广场乌石浦地铁站店),¥741起,4.6,共527条点评,嘉禾路345-4号
64,厦门品悦设计师美墅(翔安文教园店),¥159起,4.6,共69条点评,福祥路14-1号101室
65,厦门远东之星酒店,¥462起,4.3,共958条点评,新阳工业区新盛路19号
66,星云公寓,¥372起,4.6,共181条点评,万科云城12栋224单元
67,贝多拉精品酒店(厦门机场SM城市广场店),¥435起,4.6,共85条点评,南山路560号华东花园
68,榆海苑青年公寓,¥126起,4.6,共42条点评,侨英街道孙厝乐安东里163-1号
69,2048酒店(厦门北站店),¥420起,4.7,共558条点评,后溪镇岩内村埔中央社9号
70,珊瑚A檬酒店公寓(厦门乐海城市广场店),¥201起,4.7,共258条点评,同盛北路96-4号323室
71,如家酒店·neo(厦门莲花路口地铁站店),¥852起,4.6,共827条点评,长青路180号B座地铁1号线莲花路口站
72,厦门晨歆小筑设计民宿,¥293起,4.9,共133条点评,新店镇福祥路34号
73,厦门福安公寓(华天涉外职业技术学院店),¥285起,4.7,共1192条点评,新店镇福祥路21号之一
74,厦门春城酒店(中山路鼓浪屿码头店),¥1159起,4.4,共983条点评,水仙路52号
75,韩友舍公寓(厦门北站店),¥518起,4.7,共55条点评,后溪镇珩山二里7号604室
76,予白·Lit美学设计民宿(翔安华天涉外职业技术学院店),¥310起,4.8,共191条点评,新店福祥路22-1
77,厦门厦微愉客栈,¥422起,4.6,共61条点评,黄厝村黄厝社155-2
78,如家酒店·neo(厦门机场SM城市广场台湾街店),¥725起,4.7,共1106条点评,台湾街352号亿星大厦二楼
79,如家酒店·neo(厦门火车站万象城湖滨东路地铁站店),¥785起,4.2,共837条点评,禾祥东路108号鸿运大厦1楼
80,Our·一枕秋风设计师民宿(厦门北站店),¥676起,4.9,共120条点评,后溪镇珩山二里6号1201室
81,榆海苑青年公寓,¥126起,4.6,共42条点评,侨英街道孙厝乐安东里163-1号
82,厦门夏沫度假酒店,¥654起,4.2,共421条点评,嵩屿社37号
83,微笑客栈(厦门北站店),¥199起,4.7,共305条点评,后溪镇岩内村埔中央22号
84,厦门清馨公寓,¥309起,4.6,共618条点评,围里公交站旁
85,厦门中旅公寓(翔安马巷公交枢纽店),¥151起,4.7,共293条点评,马巷镇巷东路208—1号
86,厦门翔海蓝湾公寓,¥590起,4.9,共97条点评,仙岳路万达SOHO公寓B区B2栋18楼
87,厦门壹悦公寓,¥327起,4.8,共398条点评,万科云城12号楼30楼3023室
88,如家酒店·neo(厦门体育中心槟榔路湖景店),¥846起,4.7,共798条点评,槟榔东里24号
89,尚品商务酒店(厦门北站店),¥387起,4.7,共43条点评,埔中央里8-1号
90,厦门WITH U 法式猫咖民宿,¥650起,4.8,共199条点评,黄厝中路82号
91,厦门青木Soho民宿(五缘湾湾悦城店),¥689起,4.9,共121条点评,穆厝路5号B栋502室
92,无限民宿(厦门曾厝垵店),¥656起,5.0,共118条点评,滨海街道曾厝垵社245-3号
93,厦门维纳公寓(官浔店),¥331起,4.5,共27条点评,西柯镇官浔村东官浔里869号
94,娜一佳海景民宿(黄厝沙滩店),¥484起,4.4,共89条点评,滨海街道黄厝村118号-2
95,厦门舒曼精品民宿,¥278起,4.3,共69条点评,新店镇福祥路25号之一
96,江南雅苑轻奢公寓(厦门官浔店),¥446起,5.0,共11条点评,官浔通福路680号
97,特舒佳公寓(厦门湖里万达五缘湾店),¥606起,4.5,共63条点评,仙岳路4670号万达公寓B区
98,厦门尊亚酒店(SM城市广场火车站店),¥825起,4.6,共39条点评,嘉禾路331号425室
99,厦门五缘朝夕公寓,¥674起,5.0,共17条点评,穆厝路5号大唐五缘YOHOB座1楼
100,如归·OneNight海景公寓(厦门泰地海西店),¥880起,4.8,共46条点评,海沧大道841号泰地海西soho4栋1020室
1,创e家酒店(金华金职院全村店),¥107起,4.9,共478条点评,和信路水角3栋18-19号
2,格林豪泰(金华火车站南广场店),¥179起,4.6,共759条点评,迪耳路343号
3,布丁严选酒店(金华市政府世贸城市广场店),¥101起,4.8,共336条点评,宾虹路865号
4,卫星电竞酒店(金华高铁站店),¥93起,4.5,共749条点评,迪耳路449号
5,俏江南酒店(金华站浙江师范大学店),¥163起,4.9,共1261条点评,骆家塘畅达街167号
6,银都智慧酒店(金华市政府世贸城市广场店),¥121起,4.8,共1066条点评,寺前皇丹南街28号
7,丰元时尚宾馆(金华高铁站店),¥138起,4.9,共277条点评,迪耳路双丰街170号
8,布丁酒店(金华人民广场店),¥92起,4.5,共197条点评,八一北街190号
9,维也纳3好酒店(金华高铁站店),¥139起,4.7,共945条点评,迪耳路273号
10,回禾酒店(婺城区金华职业技术学院店),¥127起,4.8,共1873条点评,婺州街1269号
11,金华君庭酒店(浙江师范大学店),¥107起,4.8,共421条点评,北山路209号
12,金华时代宾馆(银泰城店),¥58起,4.4,共212条点评,丹文街新光巷30号
13,格林豪泰智选酒店(金华南站店),¥189起,4.7,共438条点评,湖杨街275号
14,清尘·佳音影院酒店(金华高铁站店),¥219起,4.9,共1123条点评,人民东路496号
15,创e家湾仔宾馆(金华高铁站教育学院店),¥124起,4.8,共378条点评,芙苑路88号
16,漫居精选电竞酒店(金华市政府店),¥165起,4.8,共288条点评,宾虹路159号
17,米欧酒店(金义新区店),¥152起,4.8,共368条点评,鞋塘金家新村24幢
18,如家酒店·neo(金华古子城胜利街店),¥305起,4.5,共573条点评,胜利街177号
19,金华铂豪智选酒店,¥134起,4.8,共215条点评,孝顺镇鞋塘办事处后楼下村学士街103号
20,华欣云漫酒店(金华金东区曹宅镇店),¥177起,4.9,共288条点评,曹宅镇东工业区浙江李子园牛奶食品有限公司10号厂房
21,索菲亚宾馆(金华市政府世贸广场店),¥170起,4.6,共325条点评,八一南街836号
22,金华铂豪智选酒店,¥134起,4.8,共215条点评,孝顺镇鞋塘办事处后楼下村学士街103号
23,汉庭酒店(金华金义新区酒店),¥143起,4.8,共168条点评,鞋塘镇上明堂村商务楼
24,金楠风尚酒店(金华市政府世贸中心店),¥132起,4.6,共262条点评,兰溪街678号
25,金华悦都酒店,¥135起,4.6,共341条点评,孝顺镇鞋塘学士街138号
26,澜庭臻选电竞酒店(金华市政府店),¥120起,4.8,共137条点评,双汇路138号
27,铂雅精品酒店(金华高铁站店),¥248起,4.5,共397条点评,迪耳路100号
28,季纷·清尘酒店(金华世贸城市广场店),¥249起,4.9,共2228条点评,双龙南街511号(市政府边)
29,金华瓯冠大酒店,¥127起,4.6,共173条点评,金港大道688号
30,四叶草酒店(金华高铁站曙光路店),¥137起,4.6,共148条点评,回溪街曙光路90号
31,金华圣庭酒店(市政府世贸城市广场店),¥216起,4.8,共1187条点评,双龙南街290号
32,怡莱酒店(金华人民广场店),¥178起,4.5,共216条点评,八一北街472号
33,金丹宾馆(金华八一南街地铁站店),¥66起,5.0,共1条点评,江南街道明伦街199号
34,金华夕语小筑(浙师大店),¥143起,4.7,共234条点评,浙师大高村同心路56号
35,逸嘉创想酒店(金华金东区曹宅镇店),¥216起,4.8,共233条点评,金汇路208号
36,潮睿智慧酒店(金华金东区店),¥317起,4.9,共679条点评,傅村镇凤塘路88号
37,金华方舟八号酒店(南站高铁站店),¥152起,4.7,共324条点评,东孝街道叶明新区5单元
38,如家华驿电竞酒店(金华市政府三路口街店),¥183起,4.6,共184条点评,东莱路398号
39,悦城电竞酒店(金华职业技术学院店),¥137起,4.9,共15条点评,和信路水角村2幢29号
40,金华惠茹宾馆,¥61起,3.7,共3条点评,三江街道东莱路莱福街26号
41,创e家卡欧酒店(金华金义宝龙广场店),¥157起,4.8,共2383条点评,金东经济开发区金港大道东828号1幢
42,金华曼希轻奢酒店(白龙桥店),¥191起,4.9,共133条点评,白龙桥镇马海路298号
43,天之润酒店(金华之心店),¥241起,4.8,共173条点评,婺州街468号
44,东能·青舍酒店(金华市政府店),¥159起,4.4,共264条点评,东莱路488号
45,M·云柏电竞酒店(金华世贸广场店),¥193起,5.0,共107条点评,丹溪路880号
46,初禾酒店(金华新能源汽车小镇店),¥174起,4.9,共112条点评,秋滨街道蟠龙村新区2排5幢2单元
47,金华双澜酒店(浙师大店),¥192起,4.9,共115条点评,新狮街道高村北门街32号-2号
48,金华宏泰宾馆,¥64起,3.3,共3条点评,汽车西站倍熙街37-39号
49,金婺智选商旅酒店(金华市政府店),¥266起,4.8,共198条点评,宾虹路98号
50,金华东升旅馆,¥85起,5.0,共1条点评,清荷街20号
51,金华薇亚轻奢酒店(唐宅店),¥238起,4.8,共155条点评,秋滨街道唐宅街108号
52,本色电竞酒店(浙江师范大学北门店),¥161起,5.0,共26条点评,高节街6号
53,金华景程酒店(东关金东乐园店),¥285起,4.6,共132条点评,环城东路1766号
54,点点公寓,¥110起,5.0,共15条点评,东孝街道麻车塘新村路8栋十单元1楼
55,四季悦居酒店(金华职业技术学院店),¥199起,4.6,共120条点评,永康街817号
56,金华国阳酒店(金华市政府世贸城市广场店),¥216起,4.4,共120条点评,义乌街356号
57,金华栖心公寓,¥96起,5.0,共16条点评,东孝街道山垅头社区9栋2号
58,凯莱商务宾馆,¥98起,4.8,共6条点评,赤松镇石牌村远驰汽车维修中心对面
59,爱君公寓,¥107起,4.9,共25条点评,东孝街道金甬街湖菱桥新村2栋1单元1层
60,易居臻品电竞酒店(浙江师范大学店),¥120起,4.4,共18条点评,骆家塘村畅达街115号
61,爱君公寓,¥107起,4.9,共25条点评,东孝街道金甬街湖菱桥新村2栋1单元1层
62,雅乐居酒店(金华市政府世贸城市广场店),¥146起,4.7,共164条点评,寺前皇宁和路121号
63,Mhome米红公寓(金华万达广场店),¥201起,4.6,共152条点评,光南路万达广场7号楼15楼1522室（预定后可查看详细地址）
64,云栖间民宿(金华万达广场店),¥225起,4.8,共146条点评,多湖街道万达广场8号楼2717室
65,金华尚婕时尚宾馆(金华职业技术学院新农贸交易点店),¥106起,4.6,共57条点评,金华市婺城区三江街道项宅社区项宅村64号(新农贸/金职院附近)
66,金华豪晟商务酒店,¥107起,4.8,共18条点评,金华金东区康济北街1500号金华汽配城39幢
67,北欧时光酒店(金华三路口街店),¥257起,4.7,共220条点评,三江街道金磐路369号
68,金华十三月舍民宿,¥290起,5.0,共69条点评,新狮街道桃源路1078号万固广场商务楼1幢1312室
69,金华欣都商务宾馆,¥122起,4.3,共83条点评,鞋塘金家03国道旁鞋塘车站旁
70,流金岁月酒店(金华职业技术学院店),¥162起,4.5,共73条点评,金华市婺城区和信路1003号(帕拉美拉后面)
71,85精品酒店(金华市政府店),¥180起,4.6,共75条点评,三江街道八一南街和信花园y栋28室
72,金华艺枫国际度假公寓,¥113起,4.2,共100条点评,李渔东路300号 万达广场6栋
73,金华自由岛宾馆,¥65起,3.4,共44条点评,秋滨街道美和路66号
74,铂豪云雅酒店(金华塘雅店),¥278起,5.0,共73条点评,塘雅镇塘雅村镇中西路茂新四季丽景东北侧50米
75,金华和轩家庭宾馆,¥87起,4.1,共18条点评,孝顺镇金家村杭金路112号2楼
76,橙子公寓,¥119起,5.0,共4条点评,东孝街道麻车塘村2栋九单元3层
77,简爱时尚宾馆(金华教育学院店),¥95起,4.5,共19条点评,环城北路道院塘道院街17号
78,金华听心影院公寓式酒店,¥202起,4.8,共26条点评,光南路169号万达广场7栋1622室
79,有意思公寓(金华万达广场店),¥173起,4.5,共33条点评,多湖街道光南路169号金华万达广场7幢1815室
80,嘉一云酒店(金华市政府店),¥246起,4.5,共78条点评,三江街道三路口社区和畅路181号
81,金华艾米酒店,¥138起,4.3,共43条点评,万达广场9幢905
82,金华海岸线公寓,¥134起,4.4,共34条点评,光南路169号万达广场8幢822室
83,金华欣悦商务宾馆,¥111起,4.1,共28条点评,孝顺镇初中东侧
84,六合大酒店(金华高铁站店),¥234起,4.3,共48条点评,长湖路133号
85,金华双栖酒店式公寓,¥116起,3.9,共34条点评,光南路169号金华万达广场8幢2216室
86,拾光小院民宿(孝顺店),¥172起,5.0,共6条点评,塘里村兴盛路5号
87,金华同福园宾馆,¥138起,4.6,共6条点评,秋滨街道黄园村
88,金华御龙宾馆,¥116起,4.5,共24条点评,浙师大北门同心路72号
89,简禾影院式公寓(万达广场店),¥235起,4.7,共73条点评,光南路万达广场6号楼
90,三三艺宿酒店(金华人民广场店),¥188起,4.1,共48条点评,青春西路88号
91,唯爱主题酒店(金华江北店),¥126起,4.7,共24条点评,芙峰街86号
92,金华美和宾馆,¥62起,3.2,共14条点评,秋滨街道美和路80号
93,江畔公寓(金华三路口街店),¥188起,4.7,共20条点评,三江街道下马滩新区2栋8号
94,金华三三艺宿酒店(金华三路口街店),¥204起,4.3,共25条点评,和信路545号
95,五福宾馆(金华万达广场地铁站店),¥112起,4.1,共5条点评,对家畈兰亭街55号
96,金华四友宾馆,¥118起,3.7,共10条点评,鞋塘镇金家村03省道旁
97,金华开盛民宿,¥148起,3.7,共21条点评,孝顺镇新城路塘里村4排8号
98,金华桂花苑民宿(双龙洞景区店),¥291起,5.0,共2条点评,洞前村双龙路37号
99,金华阳光宾馆,¥88起,2.4,共13条点评,罗埠镇商贸街77号
100,金华旭东宾馆,¥91起,3.4,共4条点评,东关金瓯路212号
1,青岛自由行海滨栈桥青年旅社(火车站栈桥店),¥44起,4.4,共1026条点评,肥城路51号甲
2,格林豪泰酒店(青岛书院路达翁广场店),¥91起,4.6,共883条点评,书院路188号
3,青岛爱家客日租房,¥63起,4.7,共1657条点评,新泰安路27号如意大厦2309室
4,品睿酒店(青岛黄岛金沙滩光谷软件园店),¥113起,4.9,共1054条点评,富春江路1142号
5,7天连锁酒店(青岛李沧万达广场店),¥105起,4.8,共932条点评,黑龙江中路2648号
6,青岛花溪海景酒店(城市阳台世茂悦海店),¥128起,4.8,共1445条点评,西海岸滨海大道4098号世茂悦海12号楼一楼大厅
7,枫叶酒店式公寓(青岛城市阳台店),¥109起,4.9,共2953条点评,滨海大道路4098号世茂悦海13号楼大厅
8,青岛西山苑旅馆,¥57起,4.5,共72条点评,康宁路35号
9,青岛百轩海景度假酒店(城市阳台欢乐海湾店),¥149起,4.9,共1449条点评,滨海大道1288号那鲁湾公寓一号楼一单元
10,聚兴圆精品连锁宾馆(青岛流亭综合商务区店),¥46起,3.9,共124条点评,重庆北路391号
11,格林豪泰智选酒店(青岛正阳中路万达店),¥131起,4.7,共875条点评,正阳中路151号
12,如家酒店·neo(青岛李村地铁站步行街店),¥211起,4.7,共1691条点评,古镇路30号
13,格林电竞酒店(青岛李沧店),¥141起,4.8,共593条点评,308国道1138号内2号网点
14,如家酒店(青岛重庆中路李沧步行街店),¥99起,4.1,共183条点评,重庆中路197号
15,汉庭酒店(即墨服装城店),¥171起,4.9,共973条点评,鹤山路888号
16,汉庭酒店(青岛董家口港店),¥144起,4.9,共319条点评,泊里镇臧马路299号
17,汉庭酒店(青岛中国海洋大学店),¥174起,4.8,共451条点评,新源路3号
18,如家酒店·neo(青岛夏庄天风南路店),¥149起,4.8,共451条点评,天风南路6号
19,如家酒店·neo(青岛火车北站店),¥238起,4.4,共807条点评,沧广路8号
20,如家酒店·neo(青岛台东步行街利津路地铁站店),¥247起,4.7,共965条点评,利津路28号
21,如家酒店(青岛重庆中路李沧步行街店),¥99起,4.1,共183条点评,重庆中路197号
22,美桔·风尚酒店(青岛北站李村步行街地铁站店),¥180起,4.9,共4413条点评,书院路70号
23,青岛百轩海景度假酒店(东方影都融创茂店),¥151起,5.0,共941条点评,滨海大道2059号融创公馆A1区4号楼一楼
24,爱电竞酒店(青岛城中城凤岗路地铁站店),¥262起,4.9,共107条点评,白塔路与黑龙江北路交叉口城中城商业区B栋
25,汉庭酒店(青岛黄岛王台镇店),¥165起,5.0,共488条点评,王台街道环台北路1287号
26,汉庭酒店(即墨鹤山路店),¥154起,4.9,共568条点评,鹤山路442号
27,遇见青岛度假公寓(吾悦广场店),¥89起,4.6,共1333条点评,滨海大道2888号梦时代广场内楼18栋33层3368
28,尚客优悦酒店(青岛黄岛汽车站石油大学店),¥88起,4.6,共423条点评,太行山路397号
29,汉庭酒店(青岛黄岛中泽国货店),¥156起,4.8,共429条点评,"刘公岛路165,169号"
30,格盟酒店(青岛地铁大厦李沧宝龙广场店),¥90起,4.7,共467条点评,九水西路8-7号
31,锦江之星(胶南海水浴场朝阳山路店),¥117起,4.8,共381条点评,胶南朝阳山路489号
32,如家睿柏·云酒店(青岛城阳天安数码城店),¥166起,4.9,共387条点评,荟城路506号51号楼02号网点
33,尚客优精选酒店(青岛万年泉路地铁站店),¥118起,4.0,共163条点评,万年泉路235号
34,柏澜公寓(青岛院士港店),¥161起,4.9,共1074条点评,宾川路72号卓越宾果公寓15号楼2单元420
35,汉庭酒店(青岛中铁世界博览城店),¥156起,4.8,共270条点评,滨海大道8555号
36,如家派柏·云酒店(青岛黄岛胶南青岛西站店),¥140起,4.7,共506条点评,铁橛山路1567号
37,都市118(青岛正阳路利群店),¥130起,4.5,共146条点评,正阳中路151号银发大厦
38,曜石精品公寓(青岛会展中心宜家店),¥182起,4.8,共861条点评,深圳路101号青铁华润城48号楼307
39,汉庭酒店(即墨宝龙广场店),¥184起,4.8,共679条点评,烟青路472号
40,沃德smart酒店(青岛火车站栈桥店),¥326起,4.5,共642条点评,河南路92号
41,如家酒店(青岛即墨古城宝龙广场店),¥143起,4.2,共334条点评,通济街道办事处大同街99号
42,都市118(青岛正阳路利群店),¥130起,4.5,共146条点评,正阳中路151号银发大厦
43,深蓝悦玺酒店(青岛会展中心店),¥124起,4.4,共977条点评,同安路880号3号楼G层大厅
44,如家派柏·云酒店(青岛黄岛胶南青岛西站店),¥140起,4.7,共506条点评,铁橛山路1567号
45,锦江之星(青岛沧口公园店),¥146起,4.5,共496条点评,邢台路79号
46,尚客优悦酒店(青岛长江东路金沙滩店),¥141起,4.9,共325条点评,薛家岛东江路177号
47,如家酒店(青岛栈桥海洋大学店),¥185起,4.0,共660条点评,龙口路36号甲
48,汉庭酒店(青岛黄岛京东方物联网店),¥193起,5.0,共143条点评,王台镇王台南路29号
49,如家酒店·neo(青岛李村地铁站乐客城京口路店),¥161起,4.7,共664条点评,京口路1号
50,汉庭酒店(青岛栈桥火车站店),¥422起,4.8,共821条点评,广西路60号甲
51,九九滨海度假酒店(东方影都融创茂店),¥95起,4.8,共228条点评,滨海大道1777号融创公馆A1区5号楼1楼底商103号
52,如家华驿酒店(青岛城阳汽车北站地铁站店),¥98起,4.2,共287条点评,重庆北路59号
53,如家酒店(青岛海尔路地铁站青山路店),¥134起,4.5,共180条点评,青山路628号
54,怡莱精品酒店(青岛农业大学地铁站店),¥135起,4.8,共305条点评,中城路505号
55,汉庭酒店(青岛高新区会展中心店),¥199起,4.8,共59条点评,广博路90号
56,都市118连锁酒店(青岛辛安科技大学店),¥137起,4.5,共108条点评,黄河中路388号
57,汉庭酒店(青岛重庆中路兴国路地铁站店),¥259起,5.0,共68条点评,重庆中路661号附15号
58,爱电竞酒店( 青岛国家广告产业园通达广场店),¥284起,4.9,共114条点评,春城路171号通达国际生活广场1号楼
59,汉庭酒店(青岛高新蓝湾创业园店),¥230起,4.9,共176条点评,高新锦汇路27号
60,汉庭酒店(青岛崂山海尔工业园店),¥214起,4.9,共111条点评,高昌路6号
61,怡莱精品酒店(青岛农业大学地铁站店),¥135起,4.8,共305条点评,中城路505号
62,7天连锁酒店(青岛海尔园地铁大厦九水西路店),¥83起,4.2,共558条点评,九水西路6号
63,青岛鑫龙假日酒店(黄岛金沙滩青职学院店),¥157起,4.8,共570条点评,香江路126号-9鑫汇国际4号公寓楼
64,骏怡精选酒店(青岛即墨古城店),¥121起,4.8,共546条点评,潮海烟青一级路即墨段216号
65,馨夜公寓(青岛世界博览城店),¥115起,4.9,共470条点评,滨海大道7777号7号楼一楼大厅
66,如家派柏·云酒店(青岛杭州路四方长途站店),¥115起,4.4,共152条点评,宣化路78号乙
67,筑美印象酒店公寓(青岛黑龙江中路海尔地铁站店),¥99起,4.6,共751条点评,黑龙江中路9号
68,锦江之星(青岛开发区香江路店),¥108起,4.8,共523条点评,武当山路17号
69,青岛立胜欣大酒店(唐岛湾店),¥147起,4.5,共861条点评,武夷山路南首167号
70,银色海湾酒店(青岛小麦岛公园店),¥139起,4.3,共184条点评,东海中路30号
71,舒宸精品酒店(青岛东方影都店),¥131起,4.6,共431条点评,滨海大道1969号万达公馆A2区7号楼101室
72,汉庭酒店(青岛海尔路国际会展中心店),¥283起,4.8,共558条点评,海尔路63-6号
73,格林豪泰智选酒店(青岛城阳区岙东路店),¥181起,4.7,共658条点评,岙东中路33号温州商贸城1号楼
74,君品海岸酒店(青岛火车站地铁站栈桥店),¥366起,4.7,共881条点评,安徽路8号
75,汉庭酒店(青岛五四广场店),¥486起,4.8,共1237条点评,香港中路6号世贸中心C栋
76,如家酒店(青岛正阳中路万达广场店),¥125起,4.7,共630条点评,正阳中路117号
77,如家酒店(青岛开发区啤酒广场金沙滩长江东路店),¥141起,4.6,共266条点评,连江路937号
78,海友酒店(青岛即墨宝龙广场店),¥153起,4.8,共382条点评,文峰路328号
79,青岛金沙澜宿海景公寓(金沙滩啤酒城店),¥294起,4.8,共870条点评,金沙滩路917号1号楼736室
80,汉庭酒店(青岛黄岛城市阳台店),¥174起,5.0,共208条点评,凰蹲山路588号
81,半岛国际酒店(青岛李村地铁站店),¥241起,4.7,共2076条点评,夏庄路7号
82,汉庭酒店(青岛大学麦岛地铁站店),¥338起,4.8,共442条点评,香港东路22号(青岛大学南门对面)
83,青岛富利鑫酒店,¥151起,4.9,共454条点评,流亭街道长城南路1号81号楼102室
84,7天优品酒店(青岛流亭机场汽车北站店),¥124起,4.6,共320条点评,仙山东路37号
85,摘星·StaringPicking海景民宿(青岛栈桥火车站店),¥73起,4.9,共273条点评,新泰安路27号如意大厦2202A室
86,新住Sense公寓(青岛金科星辰店),¥179起,4.9,共1961条点评,瑞昌路141号金科星辰13号楼
87,城家高级公寓(青岛西海岸新区政府广场店),¥150起,4.8,共160条点评,朝阳山路177号英轩大厦2号楼3楼
88,青岛33天(青居)酒店,¥246起,4.9,共1925条点评,后桃林社区38号网点
89,青岛麦子青年旅社,¥49起,4.7,共70条点评,河北路35号
90,尚客优品酒店(青岛国际博览中心店),¥140起,4.7,共229条点评,鳌山卫镇镇政府往西200米路南
91,安澜宾舍酒店(青岛五四广场小麦岛公园店),¥142起,4.0,共706条点评,东海中路30号银海大世界院内
92,如家酒店·neo(青岛台东步行街台东地铁站店),¥263起,4.3,共251条点评,东光路53号
93,青岛小金鲤海景公寓(石老人海水浴场会展中心店),¥348起,4.6,共770条点评,秦岭路19号WFC协信中心3号楼29层2925室
94,都市花园酒店(青岛城阳泰豪国际广场店),¥111起,4.5,共179条点评,锦城路432-45号
95,茂德海景公寓式酒店(青岛方特店),¥210起,4.8,共462条点评,高新区和源路2号中欧国际城金茂湾语墅27号楼首层
96,青岛新天桥快捷宾馆(火车站栈桥店),¥206起,4.4,共853条点评,肥城路51-1号
97,青岛燕岛之星度假公寓,¥382起,4.8,共1384条点评,燕儿岛路15号6楼
98,青岛蓝朵海景假日公寓,¥365起,4.7,共1246条点评,秦岭路19号协信中心3号楼28层
99,海希酒店(青岛中铁世界博览城店),¥138起,5.0,共311条点评,滨海大道7777号中铁世博城14号楼1层140室
100,如家酒店·neo(青岛台东地铁站店),¥285起,4.5,共107条点评,华阳路7号
1,7天连锁酒店(黄山火车站老街店),¥160起,4.8,共841条点评,前园北路8号
2,阿杰主题客栈(黄山风景区南大门换乘中心店),¥512起,5.0,共251条点评,汤口镇黄梅新村26号靠近景区换乘中心
3,都市118连锁酒店(黄山老街新安江畔店),¥166起,4.5,共293条点评,上塘路45号
4,昆仑国际青年旅舍(黄山市区店),¥102起,4.9,共634条点评,齐云大道13号
5,黄山慕舍酒店(屯溪老街店),¥330起,4.8,共435条点评,黄山西路32号(人民医院新大楼对面)
6,都市118·精选(黄山屯溪老街景区店),¥281起,4.6,共325条点评,黎阳镇柏景雅居翠竹轩A座
7,城市便捷酒店(黄山百大老街口店),¥296起,4.9,共1977条点评,黄山西路3号百盛苑肯德基旁
8,维也纳3好酒店(黄山风景区店),¥360起,4.6,共477条点评,北海南路与香溪路交叉口裕轩花园A幢
9,惊鸿客栈(黄山风景区南大门汤口店),¥225起,5.0,共202条点评,逍遥水街10幢1单元07号
10,Zsmart智尚酒店(黄山屯溪老街一店),¥441起,4.8,共897条点评,跃进路6-20-118号(大润发超市后门小吃一条街)
11,滨江时尚酒店(黄山屯溪老街店),¥310起,4.3,共434条点评,滨江中路1号
12,天宇酒店(黄山屯溪老街店),¥216起,4.7,共395条点评,黄山东路67号
13,布丁酒店(黄山火车站老街店),¥300起,4.9,共746条点评,前园北路21号(出火车站直走150米)
14,如家酒店·neo(黄山中路屯溪老街店),¥369起,4.5,共262条点评,城市花园4-1幢15号
15,布丁酒店(黄山屯溪老街店),¥246起,4.3,共523条点评,新安北路12号
16,漫时光客栈(黄山屯溪老街店),¥450起,5.0,共364条点评,黄山园步行街92号
17,如家酒店·neo(黄山滨江路屯溪老街店),¥411起,4.7,共752条点评,滨江西路41号
18,黄山旅行者之家精品酒店,¥446起,4.8,共342条点评,延安路老虎山1号3栋
19,格林豪泰(黄山汤口风景区南门换乘中心店),¥502起,4.6,共588条点评,省汤口镇寨西村
20,汉庭酒店(黄山屯溪老街中心店),¥417起,4.8,共664条点评,滨江西路29号
21,怡云山居(黄山风景区南大门店),¥1025起,4.8,共321条点评,汤口镇山岔村寨头组062-1号
22,Zsmart智尚酒店(黄山屯溪老街二店),¥538起,4.9,共1435条点评,新黄山商业步行街A区2号楼20-25号
23,黄山昱祥旅馆,¥65起,4.4,共6条点评,铁路新村6栋101室
24,缤客商务酒店(黄山高铁站店),¥383起,4.9,共159条点评,经济开发区梅林大道71号1栋104
25,黄山象院青旅,¥182起,4.8,共214条点评,汤口镇寨西黄梅新村018号（预定后可查看详细地址）
26,黄山白鹅山庄,¥420起,4.2,共1541条点评,北海景区白鹅岭
27,黄山百川大酒店(汤口南门换乘中心店),¥441起,4.4,共1123条点评,黄山景区新国线景区换乘中心
28,花间宿庄园(黄山北站店),¥274起,4.9,共80条点评,经济开发区新潭镇群联村20号
29,吴家雅院民宿(黄山北站店),¥436起,4.9,共207条点评,高新技术产业开发区新潭镇长林村长托-01号
30,君怡酒店(黄山汽车站店),¥266起,4.6,共219条点评,碧阳路3号
31,黄山青松精品酒店,¥397起,4.7,共404条点评,汤口镇汤口村汤川路(汤口邮政局斜对面)
32,黄山北站拾光客栈,¥395起,5.0,共158条点评,新潭镇长源村群联135号
33,昆仑国际青年旅舍(黄山景区店),¥462起,4.9,共1215条点评,汤口镇汤口印象8幢1号
34,黄山老街口酒店(屯溪老街景区店),¥578起,4.9,共1018条点评,老街1号
35,黄山520假日酒店,¥140起,4.5,共12条点评,岗村小岭下
36,汉庭酒店(黄山南大门换乘中心店),¥541起,3.8,共331条点评,汤川路111号(位于汤口)
37,黄山怡景轩精品酒店,¥471起,4.6,共238条点评,汤口镇汤川路13号
38,香颂美墅精品酒店(黄山风景区南大门汤口镇景区换乘中心店),¥552起,4.9,共969条点评,风景区南大门汤口镇汤川路12号
39,笨骆驼酒店(黄山南大门换乘中心店),¥774起,4.9,共616条点评,汤口镇汤口社区汤川路088号
40,格林豪泰智选酒店(黄山风景区南大门换乘点店),¥700起,4.7,共395条点评,汤口镇汤泉路南大门8号
41,昆仑国际青年旅舍(黄山景区店),¥462起,4.9,共1215条点评,汤口镇汤口印象8幢1号
42,云竹小筑(屯溪老街店),¥463起,4.7,共326条点评,老街266号-2
43,黄山圣德书院,¥441起,4.8,共151条点评,迎宾大道6号(银河湾小区大门外)（预定后可查看详细地址）
44,黄山湖鸣山居,¥284起,4.8,共86条点评,太平湖镇曹家庄共幸村村委会向南约100米
45,青石老街·屯溪客栈(黄山屯溪老街景区店),¥385起,4.8,共167条点评,屯溪老街16号
46,新宇假日酒店(黄山屯溪店),¥244起,4.3,共144条点评,新安北路63-1号
47,黄山旅安居客栈,¥332起,4.9,共90条点评,新谭镇长林村长托28号（预定后可查看详细地址）
48,黄山田园农庄,¥140起,4.9,共7条点评,乌石乡三高村内
49,宏峰大酒店(黄山风景区店),¥287起,4.6,共150条点评,黄山黄山区黄山风景区汤口镇南大门换乘中心总站旁
50,7天酒店(黄山汤口南大门换乘中心店),¥585起,4.9,共138条点评,汤口社区徽韵商贸城第三排03、04号
51,黄山遇见客栈,¥490起,5.0,共126条点评,新潭镇长源村群联42号
52,贝壳酒店(黄山风景区店),¥464起,4.7,共136条点评,汤口镇汤川路
53,黄山别树一阁客栈,¥309起,5.0,共82条点评,新潭镇长源村群联102号
54,黄山君瑶客栈,¥329起,4.5,共46条点评,汤口镇九龙瀑景区下行20米
55,徽百味民宿(黄山风景区南门换乘中心店),¥603起,4.8,共185条点评,汤口镇寨西汤川徽韵商贸城C组团051栋
56,黄山黄安大酒店,¥330起,4.3,共74条点评,汤口镇汤口镇国税局对面
57,青皮树酒店(黄山风景区汤口镇南大门换乘总站店),¥645起,4.7,共226条点评,汤口镇汤川路5号
58,古莱江景酒店,¥491起,4.8,共114条点评,滨江东路世纪花园东苑12B
59,黄山鼎峰精品酒店,¥557起,4.6,共151条点评,汤口镇新城翡翠路15号
60,清馨小舍·新中式庭院度假美宿(西溪南古村落店),¥484起,5.0,共3条点评,西溪南村溪边街39号
61,黄山君瑶客栈,¥329起,4.5,共46条点评,汤口镇九龙瀑景区下行20米
62,黄山心悦小筑民宿,¥258起,5.0,共31条点评,北大门辅村塘边组32号
63,黄山鼎峰精品酒店,¥557起,4.6,共151条点评,汤口镇新城翡翠路15号
64,黄山凤凰宾馆,¥105起,4.6,共8条点评,天都北路与凤凰路交叉路口东
65,黄山恬风沐舍民宿,¥316起,4.9,共7条点评,汤口镇芳村新桥055号
66,黄山松鼠小苑客栈,¥382起,4.9,共62条点评,高新技术产业开发区新潭镇长林村长托05号（预定后可查看详细地址）
67,黄山太平湖驿湖居,¥405起,5.0,共1条点评,太平湖镇和平村凤凰山庄38号
68,溪街庭院民宿(黄山屯溪老街黎阳老街景区店),¥478起,4.8,共75条点评,老街140号-142号中间永新巷2号
69,黄山博斯致家酒店,¥381起,4.4,共77条点评,永佳大道588号
70,黄山十全食美快捷宾馆,¥159起,5.0,共5条点评,永佳大道178号
71,黄山农家香舍客栈,¥280起,4.6,共54条点评,长林村村委会隔壁
72,驿心间自助民宿(黄山栢悦居店),¥503起,4.9,共76条点评,西海路18号栢悦居公寓
73,太平湖湖鲜人家,¥167起,5.0,共4条点评,太平湖渔村14号
74,梵美酒店拾间坊,¥666起,5.0,共102条点评,太平湖四期D8-112
75,黄山鲍家轻奢客栈(高铁北站西溪南店),¥536起,4.9,共113条点评,经济开发区高铁北站长塘4号
76,中泰大酒店,¥395起,3.8,共6条点评,汤口镇徽韵商贸城内
77,黄山西窗山舍民宿,¥408起,4.9,共16条点评,焦村镇陈村村
78,黄山绿野堂高端精品民宿,¥462起,4.9,共8条点评,甘棠镇庄里村徽苑5号古民居
79,旅家假日酒店(黄山缦山云起店),¥451起,4.4,共10条点评,谭家桥镇缦山云起小区21幢2单元104室
80,三里春居·湖墅(太平湖风景区店),¥517起,5.0,共1条点评,龙门乡轮渡村茶岭组轮渡村委会向南600米
81,黄山领头兵民宿,¥212起,4.7,共43条点评,高新技术产业开发区新潭镇上长林宁村24号
82,黄山云阔·湖居客栈,¥492起,4.8,共23条点评,乌石乡沙村村民组
83,黄山雅梦居民宿(西溪南古村落店),¥833起,5.0,共111条点评,西溪南镇西溪南村上街59号
84,黄山梦多大酒店,¥302起,4.5,共73条点评,汤口镇翡翠路38号
85,黄山辅村家院民宿,¥274起,5.0,共7条点评,耿城镇辅村新村(北大门近芙蓉谷)
86,黄山路人·亲享民宿(黄山风景区汤口南大门店),¥321起,5.0,共44条点评,黄山风景区南大门汤口镇翡翠谷景区天湖新村12号
87,黄山龙汇大酒店,¥230起,4.7,共42条点评,香溪路1号财富广场
88,丰乐怡庭大酒店(黄山岩寺景区店),¥371起,4.3,共56条点评,滨河南路38号丰乐怡庭14栋1楼
89,黄山圣禾园精品酒店,¥296起,4.5,共20条点评,太平湖镇和平村下屋组
90,黄山枫杨林农家客栈,¥248起,4.9,共19条点评,西溪南镇上溪头23号
91,黄山618精品客栈,¥252起,4.9,共21条点评,潜口镇紫霞大道19号
92,黄山北山民宿,¥331起,5.0,共2条点评,耿城镇辅村
93,黄山汇水湾山庄,¥298起,5.0,共2条点评,新华乡大保村白路桥北行(近太平湖景区)
94,黄山街心旅社,¥58起,3.2,共5条点评,青春商贸城老街旁
95,黄山农家小院,¥168起,4.9,共2条点评,焦村镇陈村村大路村民组19号
96,溪茗山居(黄山风景区店),¥547起,4.9,共64条点评,汤口社区浮溪029号
97,黄山枫林湾客栈,¥177起,5.0,共1条点评,汤口镇山岔村杨家坪组(香溪漂流景区内)
98,黄山佛光湖大酒店,¥251起,4.3,共20条点评,太平湖镇萌坑西南侧
99,黄山海韵客栈,¥235起,4.8,共3条点评,汤口镇山岔天湖新村
100,见山电竞酒店,¥390起,5.0,共2条点评,阳湖镇五里亭路55号山语人家12幢1楼
1,格林豪泰酒店(无锡惠山高铁前洲店),¥156起,4.9,共1311条点评,前洲镇崇文东路121号
2,汉庭酒店(无锡新区长江路店),¥190起,5.0,共551条点评,长江路10号
3,艺选安來酒店(无锡火车站北广场店),¥186起,4.8,共687条点评,锡沪西路195-197号
4,艺选安來酒店(无锡新区旺庄路地铁站店),¥124起,4.8,共437条点评,新区旺庄路15号
5,哈啰轻酒店(无锡长安店),¥108起,4.9,共775条点评,长安金惠路904号院内
6,心影象轻奢酒店(无锡三阳广场崇安寺店),¥205起,4.6,共711条点评,大成巷102号
7,如家酒店(无锡湖滨商业街太湖风景区店),¥213起,4.6,共579条点评,湖滨商业街442号
8,如家酒店·neo(无锡滨湖万达广场河埒口地铁站店),¥211起,4.5,共449条点评,青山西路大丁佳苑29号
9,布丁酒店(无锡五爱广场地铁站店),¥81起,4.2,共627条点评,五爱北路8号天宝大厦(百脑汇斜对面)
10,海友酒店(无锡藕塘职教园店),¥109起,4.8,共516条点评,文良路50号(藕塘职教园内)
11,汉庭酒店(无锡新加坡工业园店),¥174起,4.9,共511条点评,新吴区新加坡工业园行创六路6号-1
12,7天连锁酒店(无锡硕放机场店),¥105起,4.6,共390条点评,经发七路20号
13,格林豪泰(无锡长江北路店),¥132起,4.5,共316条点评,南丰路186号
14,汉庭酒店(无锡恒隆广场店),¥249起,4.8,共897条点评,前西溪1-4号
15,汉庭酒店(无锡长安哥伦布广场店),¥162起,4.8,共463条点评,春惠路198号1-116(长安哥伦布广场内)
16,如家酒店·neo(无锡锡惠公园五爱广场地铁站店),¥255起,4.9,共828条点评,五爱路81号
17,精途酒店(无锡火车站上马墩地铁站店),¥246起,4.9,共568条点评,上马墩路18号A栋3-4楼
18,格林豪泰(无锡胡埭富安商业广场店),¥239起,4.7,共525条点评,胡埭镇富安商业广场A区18号
19,如家酒店·neo(无锡清扬路茂业广场店),¥249起,4.6,共499条点评,清扬路189号
20,精途酒店(无锡梅园开原寺地铁站店),¥262起,4.8,共594条点评,香雪苑72-17号
21,海友酒店(无锡梅里古镇店),¥149起,4.9,共209条点评,泰伯大道438号
22,布丁酒店(无锡南禅寺南长街永乐路店),¥171起,4.7,共1348条点评,永乐路356号
23,锦江之星(无锡火车站店),¥217起,4.5,共616条点评,工艺路40号
24,无锡喜雅华庭大酒店,¥170起,4.0,共556条点评,梁清路608号
25,美尔居酒店(无锡新区新光路地铁站店),¥146起,4.8,共1546条点评,长江北路59号
26,如家酒店(无锡安镇高铁东站店),¥144起,5.0,共126条点评,安镇安国路340号
27,锦江之星(无锡梅里古都锡贤路店),¥159起,4.6,共1099条点评,梅村镇锡贤路139号
28,格林豪泰(无锡胡埭富安商业广场店),¥239起,4.7,共525条点评,胡埭镇富安商业广场A区18号
29,泡泡设计师酒店(无锡惠山万达店),¥119起,4.8,共285条点评,锡澄路与恒惠路交叉口橡树湾邸万象公馆公寓607栋一楼大厅
30,轻旅S酒店(无锡东亭地铁站店),¥235起,4.9,共1291条点评,友谊南路1-9号
31,锦江之星(无锡新区国家软件园店),¥216起,4.8,共547条点评,新安花苑二期278号
32,乐乐宅(扬名地铁站店),¥117起,4.8,共457条点评,梁东路80号天翠广场4单元105室
33,汉庭酒店(无锡钱桥大街店),¥200起,4.8,共377条点评,钱桥大街336号
34,格林豪泰(无锡梅村泰伯大道店),¥157起,4.6,共327条点评,梅村镇泰伯大道太阳城二期商铺39-11
35,千峋酒店(无锡太湖欢乐园店),¥221起,4.9,共1745条点评,惠钱路129号
36,汉庭酒店(无锡国家软件园店),¥193起,4.9,共291条点评,和风路19号启迪协信中心
37,汉庭酒店(无锡火车站南广场店),¥215起,4.7,共1248条点评,汉昌北街60号
38,汉庭酒店(无锡小桃源地铁站店),¥305起,4.8,共442条点评,梁溪路小桃源8号
39,汉庭酒店(无锡胡埭店),¥261起,4.9,共378条点评,胡埭镇芙蓉北路15号
40,汉庭酒店(无锡湖滨路店),¥320起,4.9,共503条点评,湖滨路653号
41,如香假日酒店(无锡梅里古镇嘉禾广场店),¥134起,4.6,共419条点评,梅村嘉禾广场32号
42,旅悦华庭民宿,¥166起,4.9,共858条点评,行创四路563号富力城华庭102号
43,怡莱精品酒店(无锡火车站南广场店),¥156起,4.5,共396条点评,汉昌北街52号
44,如家酒店·neo(无锡青祁路万达广场店),¥235起,4.7,共561条点评,青祁路305号
45,格林豪泰(无锡西漳地铁站),¥167起,4.5,共149条点评,"天锦路99号-18,堰桥街道西漳镇西漳地铁口"
46,布丁酒店(无锡车站店),¥73起,3.7,共295条点评,兴源北路618-9号
47,天鹅恋主题酒店(无锡新区茂业广场店),¥182起,4.9,共1845条点评,长江1号茂业百货8号楼24层
48,乐乐宅·玺寓(宝汇城店),¥210起,4.8,共469条点评,宝汇城16号潮寓
49,白玉兰酒店(无锡惠山万达广场店),¥149起,4.6,共292条点评,政和大道202号
50,海友酒店(无锡江南大学融创文旅城店),¥186起,4.9,共185条点评,"雪浪街道锡南路157号文畅苑16-9,10号"
51,99优选酒店(无锡安镇店),¥127起,4.7,共317条点评,安镇街道鑫安路480号
52,汉庭酒店(无锡锡北张泾店),¥137起,4.8,共195条点评,张泾泾和苑1号
53,艺选安來酒店(无锡火车站吴桥地铁站店),¥199起,4.2,共243条点评,凤宾路苏宁天御广场3栋(101医院对面)
54,格林豪泰酒店(无锡融创文旅城南泉镇店),¥204起,4.5,共253条点评,南泉镇南横街南389号方泉苑B块南门
55,如家华驿精选酒店(无锡新吴鸿山店),¥162起,4.8,共156条点评,锦鸿路169号
56,格林豪泰智选酒店(无锡南长街景区通扬路店),¥314起,4.5,共1115条点评,通扬南路9号
57,汉庭酒店(无锡东站店),¥144起,4.7,共426条点评,安镇街道锡沪路38号
58,格林豪泰智选酒店(无锡洛社镇杨市园大街店),¥228起,4.9,共196条点评,杨市园大街106号
59,汉庭酒店(无锡太湖国际博览中心店),¥256起,4.9,共297条点评,华庄苏锡西路288号
60,格林豪泰(无锡崇安寺三阳广场地铁站店),¥249起,4.2,共344条点评,解放西路南尖153号(玛利亚女子医院对面)
61,锦江之星(无锡南长街南禅寺地铁站店),¥341起,4.7,共1137条点评,学前街2号(八佰伴对面/王兴记隔壁)
62,无锡子鱼居酒店,¥186起,4.8,共1667条点评,梁溪路982号一楼
63,格林豪泰(无锡玉祁收费站工业园海瑞路店),¥157起,4.8,共195条点评,海瑞路6号
64,永利活禅酒店(无锡职教园店),¥191起,4.7,共1269条点评,钱桥大街384号
65,如家酒店(无锡南禅寺三阳广场店),¥288起,4.6,共389条点评,崇宁路崇宁弄1-3号
66,锦江之星(无锡中央车站店),¥143起,4.4,共255条点评,通江大道599号
67,格林豪泰酒店(无锡梅园店),¥331起,4.5,共397条点评,梅园香雪苑71号
68,格林豪泰(无锡新区国家软件园店),¥193起,4.6,共356条点评,新区净慧东道77号
69,无锡凤凰之城青年旅舍,¥62起,4.6,共50条点评,凤凰789街区
70,如家酒店·neo(无锡锡沪东路东亭店),¥164起,4.3,共204条点评,锡沪东路84号
71,格林豪泰贝壳酒店(无锡新区鸿山镇商业广场店),¥145起,4.5,共120条点评,鸿山镇水岸观邸1267-789号
72,如家酒店.neo(无锡火车站北广场广瑞路店),¥180起,4.4,共174条点评,广瑞路559号(锡山医院斜对面)
73,格林豪泰智选酒店(无锡金桥商贸城店),¥216起,4.7,共305条点评,锡澄路280号苏南城北市场
74,格林豪泰(无锡羊尖锡沪路店),¥140起,4.7,共259条点评,羊尖镇锡沪路148号
75,汉庭酒店(无锡东绛店),¥299起,4.9,共310条点评,太湖街道周新西路75号
76,布丁酒店(无锡火车站胜利门地铁站店),¥84起,3.7,共312条点评,中山路605号(原北大街3-2号)
77,网鱼电竞酒店(无锡惠山万达店),¥202起,5.0,共69条点评,政和大道与锡澄路交叉口时代广场8栋108号
78,锦江之星酒店(无锡南长街三阳广场地铁站店),¥266起,4.7,共2098条点评,解放西路325号
79,泊客loft公寓(无锡东站店),¥220起,4.9,共533条点评,广诚路118号红豆财富广场西区B楼F公馆
80,格林豪泰智选酒店(无锡中桥店),¥262起,4.7,共344条点评,中南路300号
81,尚客优酒店(无锡瑞港步行街店),¥167起,4.8,共181条点评,通祥路瑞港商业广场7-501-502
82,念心loft商务酒店(无锡东站店),¥155起,4.9,共98条点评,安镇街道东翔路558号红豆万花城B座1层B107号
83,云奢酒店(无锡火车站民丰地铁站店),¥311起,4.7,共353条点评,盛唐乐享城
84,格林豪泰(无锡高铁东站锡东新城店),¥196起,4.7,共256条点评,安镇水岸街2号
85,白玉兰酒店(无锡滨湖万达店),¥273起,4.8,共176条点评,河埒口桃源居100号
86,无锡和枫公寓,¥384起,4.8,共615条点评,羊北路太湖悦溪公寓10栋120室
87,格林豪泰酒店(无锡金山北工业园江海西路店),¥255起,4.7,共294条点评,江海西路8号
88,心宿酒店(梅里古镇店),¥198起,4.9,共164条点评,梅里古镇吴音水岸街区54号
89,格林豪泰(无锡南湖家园地铁站店),¥149起,4.3,共150条点评,南湖家园梁南苑18栋1-5号
90,尚客优精选酒店(无锡清扬路人民医院地铁站店),¥221起,4.7,共207条点评,清扬路208号
91,无锡惠钱精品酒店,¥200起,4.7,共335条点评,钱桥镇惠钱路127号
92,无锡美致设计公寓,¥220起,4.8,共262条点评,广诚路118号红豆财富广场西区B楼F公馆
93,贝壳酒店(无锡万达广场堰桥地铁站),¥113起,3.9,共112条点评,政和大道210-101号
94,无锡优家酒店,¥186起,4.3,共256条点评,鸿山街道君域嘉园68号大厅办理
95,白玉兰酒店(无锡新吴区新之城店),¥180起,4.9,共29条点评,江溪街道国际一花园43号
96,怡莱酒店(无锡太湖荣巷地铁站店),¥283起,4.4,共206条点评,公益路8号
97,青皮树酒店(无锡市民中心扬名工业园店),¥148起,4.7,共108条点评,大通路56号
98,柏曼酒店(无锡盛岸路店),¥281起,4.7,共281条点评,盛岸路244号
99,格林豪泰酒店(无锡惠山政府店),¥145起,4.6,共87条点评,锡澄路堰桥南段19号(堰新门诊部对面)
100,如家派柏·云酒店(无锡天一中学店),¥164起,4.2,共83条点评,东亭锡州东路39号
