id,prodName,prodCatid,prodCat,prodPcatid,prodPcat,lowPrice,highPrice,avgPrice,place,specInfo,unitInfo,pubDate,status,userIdCreate,userIdModified,userCreate,userModified,gmtCreate,gmtModified
1582938,大白菜,1186,蔬菜,NULL,,0.55,1.0,0.78,冀鲁鄂,,斤,2024-03-10 00:00:00,NULL,138,NULL,admin,NULL,NULL,NULL
1582937,娃娃菜,1186,蔬菜,NULL,,1.8,2.2,2.0,豫鄂云,,斤,2024-03-10 00:00:00,NULL,138,NULL,admin,NULL,NULL,NULL
1582936,小白菜,1186,蔬菜,NULL,,1.3,1.4,1.35,冀鲁,,斤,2024-03-10 00:00:00,NULL,138,NULL,admin,NULL,NULL,NULL
1582935,圆白菜,1186,蔬菜,NULL,,0.4,0.7,0.55,鄂冀川,露地,斤,2024-03-10 00:00:00,NULL,138,NULL,admin,NULL,NULL,NULL
1582934,圆白菜,1186,蔬菜,NULL,,1.9,2.1,2.0,鲁冀,大棚,斤,2024-03-10 00:00:00,NULL,138,NULL,admin,NULL,NULL,NULL
1582933,紫甘蓝,1186,蔬菜,NULL,,1.3,1.4,1.35,冀鲁宁,,斤,2024-03-10 00:00:00,NULL,138,NULL,admin,NULL,NULL,NULL
1582932,芹菜,1186,蔬菜,NULL,,2.3,2.6,2.45,鲁津,,斤,2024-03-10 00:00:00,NULL,138,NULL,admin,NULL,NULL,NULL
1582931,西芹,1186,蔬菜,NULL,,2.8,3.2,3.0,鲁辽,,斤,2024-03-10 00:00:00,NULL,138,NULL,admin,NULL,NULL,NULL
1582930,菠菜,1186,蔬菜,NULL,,1.8,2.0,1.9,冀鲁,,斤,2024-03-10 00:00:00,NULL,138,NULL,admin,NULL,NULL,NULL
1582929,莴笋,1186,蔬菜,NULL,,1.0,2.0,1.5,浙闽云,,斤,2024-03-10 00:00:00,NULL,138,NULL,admin,NULL,NULL,NULL
1582928,团生菜,1186,蔬菜,NULL,,1.5,2.5,2.0,云,,斤,2024-03-10 00:00:00,NULL,138,NULL,admin,NULL,NULL,NULL
1582927,罗马生菜,1186,蔬菜,NULL,,2.0,2.3,2.15,云,,斤,2024-03-10 00:00:00,NULL,138,NULL,admin,NULL,NULL,NULL
1582926,散叶生菜,1186,蔬菜,NULL,,1.5,2.0,1.75,冀辽,,斤,2024-03-10 00:00:00,NULL,138,NULL,admin,NULL,NULL,NULL
1582925,油菜,1186,蔬菜,NULL,,1.0,1.5,1.25,鲁,,斤,2024-03-10 00:00:00,NULL,138,NULL,admin,NULL,NULL,NULL
1582924,香菜,1186,蔬菜,NULL,,1.8,3.0,2.4,鲁,,斤,2024-03-10 00:00:00,NULL,138,NULL,admin,NULL,NULL,NULL
1582923,茴香,1186,蔬菜,NULL,,3.0,3.3,3.15,冀,,斤,2024-03-10 00:00:00,NULL,138,NULL,admin,NULL,NULL,NULL
1582922,韭菜,1186,蔬菜,NULL,,2.5,3.5,3.0,冀,,斤,2024-03-10 00:00:00,NULL,138,NULL,admin,NULL,NULL,NULL
1582921,苦菊,1186,蔬菜,NULL,,2.5,3.0,2.75,辽,,斤,2024-03-10 00:00:00,NULL,138,NULL,admin,NULL,NULL,NULL
1582920,油麦菜,1186,蔬菜,NULL,,2.5,3.3,2.9,冀鲁云,,斤,2024-03-10 00:00:00,NULL,138,NULL,admin,NULL,NULL,NULL
1582919,散菜花,1186,蔬菜,NULL,,1.5,2.8,2.15,云闽,,斤,2024-03-10 00:00:00,NULL,138,NULL,admin,NULL,NULL,NULL
1582918,绿菜花,1186,蔬菜,NULL,,2.0,2.4,2.2,浙,,斤,2024-03-10 00:00:00,NULL,138,NULL,admin,NULL,NULL,NULL
1582917,绿豆芽,1186,蔬菜,NULL,,0.95,1.0,0.98,,,斤,2024-03-10 00:00:00,NULL,138,NULL,admin,NULL,NULL,NULL
1582916,黄豆芽,1186,蔬菜,NULL,,0.85,0.9,0.88,,,斤,2024-03-10 00:00:00,NULL,138,NULL,admin,NULL,NULL,NULL
1582915,番茄,1186,蔬菜,NULL,,1.2,1.8,1.5,冀云川,黑框,斤,2024-03-10 00:00:00,NULL,138,NULL,admin,NULL,NULL,NULL
1582914,番茄,1186,蔬菜,NULL,,2.0,2.5,2.25,冀鲁川,纸箱\泡沫箱,斤,2024-03-10 00:00:00,NULL,138,NULL,admin,NULL,NULL,NULL
1582913,番茄,1186,蔬菜,NULL,,3.0,3.6,3.3,蒙鲁,白框,斤,2024-03-10 00:00:00,NULL,138,NULL,admin,NULL,NULL,NULL
1582912,黄瓜,1186,蔬菜,NULL,,1.5,3.0,2.25,鲁辽云,袋\箱,斤,2024-03-10 00:00:00,NULL,138,NULL,admin,NULL,NULL,NULL
1582911,黄瓜,1186,蔬菜,NULL,,2.8,3.8,3.3,鲁,干花\鲜花,斤,2024-03-10 00:00:00,NULL,138,NULL,admin,NULL,NULL,NULL
1582910,小黄瓜,1186,蔬菜,NULL,,4.1,4.1,4.1,辽冀,旱,斤,2024-03-10 00:00:00,NULL,138,NULL,admin,NULL,NULL,NULL
1582909,小黄瓜,1186,蔬菜,NULL,,5.0,5.0,5.0,辽鲁,荷兰,斤,2024-03-10 00:00:00,NULL,138,NULL,admin,NULL,NULL,NULL
1582908,茄子,1186,蔬菜,NULL,,1.5,3.0,2.25,鲁云冀,,斤,2024-03-10 00:00:00,NULL,138,NULL,admin,NULL,NULL,NULL
1582907,长茄,1186,蔬菜,NULL,,2.0,4.0,3.0,辽,,斤,2024-03-10 00:00:00,NULL,138,NULL,admin,NULL,NULL,NULL
1582906,线茄,1186,蔬菜,NULL,,2.5,5.3,3.9,闽,箱,斤,2024-03-10 00:00:00,NULL,138,NULL,admin,NULL,NULL,NULL
1582905,广茄,1186,蔬菜,NULL,,2.5,3.0,2.75,闽云,箱,斤,2024-03-10 00:00:00,NULL,138,NULL,admin,NULL,NULL,NULL
1582904,冬瓜,1186,蔬菜,NULL,,1.3,1.4,1.35,海桂,吊,斤,2024-03-10 00:00:00,NULL,138,NULL,admin,NULL,NULL,NULL
1582903,冬瓜,1186,蔬菜,NULL,,0.9,0.95,0.93,新,地,斤,2024-03-10 00:00:00,NULL,138,NULL,admin,NULL,NULL,NULL
1582902,毛冬瓜,1186,蔬菜,NULL,,1.8,2.2,2.0,云,长\小,斤,2024-03-10 00:00:00,NULL,138,NULL,admin,NULL,NULL,NULL
1582901,架豆,1186,蔬菜,NULL,,3.0,5.3,4.15,云,,斤,2024-03-10 00:00:00,NULL,138,NULL,admin,NULL,NULL,NULL
1582900,豆王,1186,蔬菜,NULL,,3.5,7.9,5.7,云鲁,,斤,2024-03-10 00:00:00,NULL,138,NULL,admin,NULL,NULL,NULL
1582899,扁豆,1186,蔬菜,NULL,,4.5,7.5,6.0,云鲁,,斤,2024-03-10 00:00:00,NULL,138,NULL,admin,NULL,NULL,NULL
1582898,豇豆,1186,蔬菜,NULL,,4.5,5.8,5.15,云海,,斤,2024-03-10 00:00:00,NULL,138,NULL,admin,NULL,NULL,NULL
1582897,白不老,1186,蔬菜,NULL,,4.5,8.0,6.25,云,,斤,2024-03-10 00:00:00,NULL,138,NULL,admin,NULL,NULL,NULL
1582896,油豆,1186,蔬菜,NULL,,4.5,9.6,7.05,云粤,,斤,2024-03-10 00:00:00,NULL,138,NULL,admin,NULL,NULL,NULL
1582895,毛豆,1186,蔬菜,NULL,,3.5,3.8,3.65,粤闽,,斤,2024-03-10 00:00:00,NULL,138,NULL,admin,NULL,NULL,NULL
1582894,花生,1186,蔬菜,NULL,,5.5,6.5,6.0,苏,泥\洗,斤,2024-03-10 00:00:00,NULL,138,NULL,admin,NULL,NULL,NULL
1582893,玉米,1186,蔬菜,NULL,,2.0,2.2,2.1,海,黄,斤,2024-03-10 00:00:00,NULL,138,NULL,admin,NULL,NULL,NULL
1582892,玉米,1186,蔬菜,NULL,,2.6,2.7,2.65,海,白\花,斤,2024-03-10 00:00:00,NULL,138,NULL,admin,NULL,NULL,NULL
1582891,苦瓜,1186,蔬菜,NULL,,4.0,4.5,4.25,鲁,,斤,2024-03-10 00:00:00,NULL,138,NULL,admin,NULL,NULL,NULL
1582890,丝瓜,1186,蔬菜,NULL,,4.5,5.5,5.0,鲁冀,长\短,斤,2024-03-10 00:00:00,NULL,138,NULL,admin,NULL,NULL,NULL
1582889,西葫芦,1186,蔬菜,NULL,,2.0,2.4,2.2,鲁,箱,斤,2024-03-10 00:00:00,NULL,138,NULL,admin,NULL,NULL,NULL
1582888,贝贝南瓜,1186,蔬菜,NULL,,2.2,2.7,2.45,蒙,,斤,2024-03-10 00:00:00,NULL,138,NULL,admin,NULL,NULL,NULL
1582887,金丝南瓜,1186,蔬菜,NULL,,2.0,2.1,2.05,蒙,,斤,2024-03-10 00:00:00,NULL,138,NULL,admin,NULL,NULL,NULL
1582886,板栗南瓜,1186,蔬菜,NULL,,1.5,2.5,2.0,蒙新,,斤,2024-03-10 00:00:00,NULL,138,NULL,admin,NULL,NULL,NULL
1582885,南北瓜,1186,蔬菜,NULL,,1.0,1.7,1.35,鄂川云,,斤,2024-03-10 00:00:00,NULL,138,NULL,admin,NULL,NULL,NULL
1582884,尖椒,1186,蔬菜,NULL,,2.0,4.0,3.0,冀辽鲁粤,袋\箱,斤,2024-03-10 00:00:00,NULL,138,NULL,admin,NULL,NULL,NULL
1582883,红尖椒,1186,蔬菜,NULL,,3.0,4.0,3.5,鲁皖,,斤,2024-03-10 00:00:00,NULL,138,NULL,admin,NULL,NULL,NULL
1582882,美人椒,1186,蔬菜,NULL,,5.0,6.0,5.5,鲁云,,斤,2024-03-10 00:00:00,NULL,138,NULL,admin,NULL,NULL,NULL
1582881,螺丝椒,1186,蔬菜,NULL,,3.0,5.5,4.25,鲁辽,,斤,2024-03-10 00:00:00,NULL,138,NULL,admin,NULL,NULL,NULL
1582880,柿子椒,1186,蔬菜,NULL,,2.8,3.7,3.25,鲁辽,袋\箱,斤,2024-03-10 00:00:00,NULL,138,NULL,admin,NULL,NULL,NULL
1582879,线椒,1186,蔬菜,NULL,,3.0,4.5,3.75,鲁,新,斤,2024-03-10 00:00:00,NULL,138,NULL,admin,NULL,NULL,NULL
1582878,杭椒,1186,蔬菜,NULL,,3.5,5.0,4.25,鲁冀,,斤,2024-03-10 00:00:00,NULL,138,NULL,admin,NULL,NULL,NULL
1582877,小米椒,1186,蔬菜,NULL,,6.0,7.0,6.5,云,,斤,2024-03-10 00:00:00,NULL,138,NULL,admin,NULL,NULL,NULL
1582876,彩椒,1186,蔬菜,NULL,,9.5,13.0,11.25,鲁,红\黄,斤,2024-03-10 00:00:00,NULL,138,NULL,admin,NULL,NULL,NULL
1582875,白萝卜,1186,蔬菜,NULL,,0.6,0.8,0.7,鄂川,,斤,2024-03-10 00:00:00,NULL,138,NULL,admin,NULL,NULL,NULL
1582874,心里美,1186,蔬菜,NULL,,0.9,1.0,0.95,冀,泥\洗,斤,2024-03-10 00:00:00,NULL,138,NULL,admin,NULL,NULL,NULL
1582873,卞萝卜,1186,蔬菜,NULL,,0.4,0.6,0.5,冀,洗,斤,2024-03-10 00:00:00,NULL,138,NULL,admin,NULL,NULL,NULL
1582872,青萝卜,1186,蔬菜,NULL,,0.6,1.4,1.0,冀豫津,存\新,斤,2024-03-10 00:00:00,NULL,138,NULL,admin,NULL,NULL,NULL
1582871,胡萝卜,1186,蔬菜,NULL,,0.6,1.05,0.83,鲁豫,泥,斤,2024-03-10 00:00:00,NULL,138,NULL,admin,NULL,NULL,NULL
1582870,胡萝卜,1186,蔬菜,NULL,,0.7,0.9,0.8,鲁豫,洗,斤,2024-03-10 00:00:00,NULL,138,NULL,admin,NULL,NULL,NULL
1582869,土豆,1186,蔬菜,NULL,,0.8,1.35,1.08,冀蒙陕,老,斤,2024-03-10 00:00:00,NULL,138,NULL,admin,NULL,NULL,NULL
1582868,土豆,1186,蔬菜,NULL,,1.3,2.0,1.65,云桂,新,斤,2024-03-10 00:00:00,NULL,138,NULL,admin,NULL,NULL,NULL
1582867,葱头,1186,蔬菜,NULL,,1.4,1.5,1.45,甘蒙,黄,斤,2024-03-10 00:00:00,NULL,138,NULL,admin,NULL,NULL,NULL
1582866,葱头,1186,蔬菜,NULL,,1.8,2.0,1.9,甘蒙,红,斤,2024-03-10 00:00:00,NULL,138,NULL,admin,NULL,NULL,NULL
1582865,山药,1186,蔬菜,NULL,,3.5,4.0,3.75,豫鲁,脆,斤,2024-03-10 00:00:00,NULL,138,NULL,admin,NULL,NULL,NULL
1582864,山药,1186,蔬菜,NULL,,4.5,5.5,5.0,冀,麻,斤,2024-03-10 00:00:00,NULL,138,NULL,admin,NULL,NULL,NULL
1582863,山药,1186,蔬菜,NULL,,5.0,8.0,6.5,豫冀,铁棍,斤,2024-03-10 00:00:00,NULL,138,NULL,admin,NULL,NULL,NULL
1582862,莲藕,1186,蔬菜,NULL,,4.0,4.5,4.25,苏津,泥\洗,斤,2024-03-10 00:00:00,NULL,138,NULL,admin,NULL,NULL,NULL
1582861,红薯,1186,蔬菜,NULL,,0.8,1.2,1.0,冀,龙薯九,斤,2024-03-10 00:00:00,NULL,138,NULL,admin,NULL,NULL,NULL
1582860,红薯,1186,蔬菜,NULL,,1.2,1.8,1.5,粤,西瓜红\烟薯,斤,2024-03-10 00:00:00,NULL,138,NULL,admin,NULL,NULL,NULL
1582859,紫薯,1186,蔬菜,NULL,,1.5,3.5,2.5,冀,,斤,2024-03-10 00:00:00,NULL,138,NULL,admin,NULL,NULL,NULL
1582858,荸荠,1186,蔬菜,NULL,,2.8,3.0,2.9,皖,,斤,2024-03-10 00:00:00,NULL,138,NULL,admin,NULL,NULL,NULL
1582857,芋头,1186,蔬菜,NULL,,3.0,3.5,3.25,鲁,,斤,2024-03-10 00:00:00,NULL,138,NULL,admin,NULL,NULL,NULL
1582856,姜,1186,蔬菜,NULL,,2.5,3.0,2.75,鲁,姜头,斤,2024-03-10 00:00:00,NULL,138,NULL,admin,NULL,NULL,NULL
1582855,姜,1186,蔬菜,NULL,,5.0,6.0,5.5,鲁,整姜,斤,2024-03-10 00:00:00,NULL,138,NULL,admin,NULL,NULL,NULL
1582854,大蒜,1186,蔬菜,NULL,,4.5,7.5,6.0,豫苏鲁,,斤,2024-03-10 00:00:00,NULL,138,NULL,admin,NULL,NULL,NULL
1582853,蒜米,1186,蔬菜,NULL,,4.0,6.0,5.0,鲁,机剥\手工,斤,2024-03-10 00:00:00,NULL,138,NULL,admin,NULL,NULL,NULL
1582852,大葱,1186,蔬菜,NULL,,1.4,1.6,1.5,沪闽,,斤,2024-03-10 00:00:00,NULL,138,NULL,admin,NULL,NULL,NULL
1582851,小葱,1186,蔬菜,NULL,,2.5,4.5,3.5,冀鲁,,斤,2024-03-10 00:00:00,NULL,138,NULL,admin,NULL,NULL,NULL
1582850,蒜苗,1186,蔬菜,NULL,,3.0,8.0,5.5,鲁,,斤,2024-03-10 00:00:00,NULL,138,NULL,admin,NULL,NULL,NULL
1582849,蒜黄,1186,蔬菜,NULL,,6.0,6.5,6.25,冀,,斤,2024-03-10 00:00:00,NULL,138,NULL,admin,NULL,NULL,NULL
1582848,青蒜,1186,蔬菜,NULL,,4.0,4.5,4.25,川鲁,,斤,2024-03-10 00:00:00,NULL,138,NULL,admin,NULL,NULL,NULL
1582847,平菇,1186,蔬菜,NULL,,2.0,3.5,2.75,京,,斤,2024-03-10 00:00:00,NULL,138,NULL,admin,NULL,NULL,NULL
1582846,香菇,1186,蔬菜,NULL,,3.5,7.0,5.25,冀,,斤,2024-03-10 00:00:00,NULL,138,NULL,admin,NULL,NULL,NULL
1582845,白玉菇,1186,蔬菜,NULL,,3.0,4.0,3.5,冀豫京,,斤,2024-03-10 00:00:00,NULL,138,NULL,admin,NULL,NULL,NULL
1582844,口蘑,1186,蔬菜,NULL,,7.5,8.0,7.75,冀闽,,斤,2024-03-10 00:00:00,NULL,138,NULL,admin,NULL,NULL,NULL
1582843,杏鲍菇,1186,蔬菜,NULL,,2.5,4.0,3.25,苏豫津,,斤,2024-03-10 00:00:00,NULL,138,NULL,admin,NULL,NULL,NULL
1582842,金针菇,1186,蔬菜,NULL,,2.0,2.6,2.3,辽鲁京,,斤,2024-03-10 00:00:00,NULL,138,NULL,admin,NULL,NULL,NULL
1582841,椰青,1187,水果,1211,其他类,7.0,8.0,7.5,,,个,2024-03-10 00:00:00,NULL,138,NULL,admin,NULL,NULL,NULL
1582840,菠萝,1187,水果,1211,其他类,1.6,2.0,1.8,,箱装（上六下六）,斤,2024-03-10 00:00:00,NULL,138,NULL,admin,NULL,NULL,NULL
1582839,凤梨,1187,水果,1211,其他类,5.0,6.0,5.5,国产,,斤,2024-03-10 00:00:00,NULL,138,NULL,admin,NULL,NULL,NULL
1582838,圣女果,1187,水果,1211,其他类,4.0,6.0,5.0,,千禧,斤,2024-03-10 00:00:00,NULL,138,NULL,admin,NULL,NULL,NULL
1582837,百香果,1187,水果,1211,其他类,7.0,8.0,7.5,,,斤,2024-03-10 00:00:00,NULL,138,NULL,admin,NULL,NULL,NULL
1582836,黑枣,1187,水果,1211,其他类,8.0,11.0,9.5,,,斤,2024-03-10 00:00:00,NULL,138,NULL,admin,NULL,NULL,NULL
1582835,九九草莓,1187,水果,1211,其他类,11.0,15.0,13.0,,,斤,2024-03-10 00:00:00,NULL,138,NULL,admin,NULL,NULL,NULL
1582834,红颜草莓,1187,水果,1211,其他类,6.0,10.0,8.0,,,斤,2024-03-10 00:00:00,NULL,138,NULL,admin,NULL,NULL,NULL
1582833,蓝莓,1187,水果,1211,其他类,50.0,65.0,57.5,,,斤,2024-03-10 00:00:00,NULL,138,NULL,admin,NULL,NULL,NULL
1582832,火龙果,1187,水果,1211,其他类,4.0,7.0,5.5,,红,斤,2024-03-10 00:00:00,NULL,138,NULL,admin,NULL,NULL,NULL
1582831,火龙果,1187,水果,1211,其他类,3.4,5.0,4.2,,白,斤,2024-03-10 00:00:00,NULL,138,NULL,admin,NULL,NULL,NULL
1582830,木瓜,1187,水果,1211,其他类,4.5,5.0,4.75,,,斤,2024-03-10 00:00:00,NULL,138,NULL,admin,NULL,NULL,NULL
1582829,柿饼,1187,水果,1211,其他类,5.0,9.0,7.0,,,斤,2024-03-10 00:00:00,NULL,138,NULL,admin,NULL,NULL,NULL
1582828,桑葚,1187,水果,1211,其他类,7.0,8.0,7.5,,,斤,2024-03-10 00:00:00,NULL,138,NULL,admin,NULL,NULL,NULL
1582827,甘蔗,1187,水果,1211,其他类,1.9,2.0,1.95,,,斤,2024-03-10 00:00:00,NULL,138,NULL,admin,NULL,NULL,NULL
1582826,柠檬,1187,水果,1211,其他类,4.0,5.0,4.5,,,斤,2024-03-10 00:00:00,NULL,138,NULL,admin,NULL,NULL,NULL
1582825,石榴,1187,水果,1211,其他类,4.5,7.0,5.75,,,斤,2024-03-10 00:00:00,NULL,138,NULL,admin,NULL,NULL,NULL
1582824,山楂,1187,水果,1211,其他类,5.0,7.0,6.0,,小金星,斤,2024-03-10 00:00:00,NULL,138,NULL,admin,NULL,NULL,NULL
1582823,山楂,1187,水果,1211,其他类,4.0,6.0,5.0,,普通,斤,2024-03-10 00:00:00,NULL,138,NULL,admin,NULL,NULL,NULL
1582822,姑娘果（灯笼果）,1187,水果,1211,其他类,12.0,18.0,15.0,,,斤,2024-03-10 00:00:00,NULL,138,NULL,admin,NULL,NULL,NULL
1582821,鸭梨,1187,水果,NULL,梨类,1.8,2.0,1.9,,,斤,2024-03-10 00:00:00,NULL,138,NULL,admin,NULL,NULL,NULL
1582820,雪花梨,1187,水果,NULL,梨类,1.8,1.9,1.85,,,斤,2024-03-10 00:00:00,NULL,138,NULL,admin,NULL,NULL,NULL
1582819,皇冠梨,1187,水果,NULL,梨类,2.4,2.6,2.5,,纸箱,斤,2024-03-10 00:00:00,NULL,138,NULL,admin,NULL,NULL,NULL
1582818,南果梨,1187,水果,NULL,梨类,3.5,7.5,5.5,,,斤,2024-03-10 00:00:00,NULL,138,NULL,admin,NULL,NULL,NULL
1582817,丰水梨,1187,水果,NULL,梨类,2.75,3.1,2.93,,,斤,2024-03-10 00:00:00,NULL,138,NULL,admin,NULL,NULL,NULL
1582816,酥梨,1187,水果,NULL,梨类,2.5,2.7,2.6,,,斤,2024-03-10 00:00:00,NULL,138,NULL,admin,NULL,NULL,NULL
1582815,红啤梨,1187,水果,NULL,梨类,4.8,5.0,4.9,,,斤,2024-03-10 00:00:00,NULL,138,NULL,admin,NULL,NULL,NULL
1582814,红香酥梨,1187,水果,NULL,梨类,1.4,1.7,1.55,,,斤,2024-03-10 00:00:00,NULL,138,NULL,admin,NULL,NULL,NULL
1582813,玉露香梨,1187,水果,NULL,梨类,2.8,3.0,2.9,,,斤,2024-03-10 00:00:00,NULL,138,NULL,admin,NULL,NULL,NULL
1582812,贵妃梨,1187,水果,NULL,梨类,1.7,1.8,1.75,,,斤,2024-03-10 00:00:00,NULL,138,NULL,admin,NULL,NULL,NULL
1582811,秋月梨,1187,水果,NULL,梨类,3.8,4.5,4.15,,,斤,2024-03-10 00:00:00,NULL,138,NULL,admin,NULL,NULL,NULL
1582810,库尔勒香梨,1187,水果,NULL,梨类,3.0,6.0,4.5,,,斤,2024-03-10 00:00:00,NULL,138,NULL,admin,NULL,NULL,NULL
1582809,砂糖橘,1187,水果,NULL,柑橘类,3.0,5.8,4.4,,,斤,2024-03-10 00:00:00,NULL,138,NULL,admin,NULL,NULL,NULL
1582808,丑橘,1187,水果,NULL,柑橘类,2.8,3.5,3.15,,,斤,2024-03-10 00:00:00,NULL,138,NULL,admin,NULL,NULL,NULL
1582807,爱媛,1187,水果,NULL,柑橘类,3.0,5.0,4.0,,,斤,2024-03-10 00:00:00,NULL,138,NULL,admin,NULL,NULL,NULL
1582806,赣南脐橙,1187,水果,NULL,柑橘类,2.2,3.5,2.85,,Ф65-Ф95,斤,2024-03-10 00:00:00,NULL,138,NULL,admin,NULL,NULL,NULL
1582805,血橙,1187,水果,NULL,柑橘类,1.8,2.8,2.3,,二月红,斤,2024-03-10 00:00:00,NULL,138,NULL,admin,NULL,NULL,NULL
1582804,沃柑,1187,水果,NULL,柑橘类,3.0,4.0,3.5,,,斤,2024-03-10 00:00:00,NULL,138,NULL,admin,NULL,NULL,NULL
1582803,耙耙柑,1187,水果,NULL,柑橘类,3.0,4.5,3.75,,,斤,2024-03-10 00:00:00,NULL,138,NULL,admin,NULL,NULL,NULL
1582802,芦柑,1187,水果,NULL,柑橘类,1.5,2.5,2.0,,,斤,2024-03-10 00:00:00,NULL,138,NULL,admin,NULL,NULL,NULL
1582801,金桔,1187,水果,NULL,柑橘类,3.0,9.0,6.0,,,斤,2024-03-10 00:00:00,NULL,138,NULL,admin,NULL,NULL,NULL
1582800,红心蜜柚,1187,水果,NULL,柑橘类,1.6,3.0,2.3,,,斤,2024-03-10 00:00:00,NULL,138,NULL,admin,NULL,NULL,NULL
1582799,葡萄柚,1187,水果,NULL,柑橘类,2.0,2.5,2.25,,,斤,2024-03-10 00:00:00,NULL,138,NULL,admin,NULL,NULL,NULL
1582798,猕猴桃,1187,水果,NULL,桃李杏类,5.5,8.0,6.75,,翠香,斤,2024-03-10 00:00:00,NULL,138,NULL,admin,NULL,NULL,NULL
1582797,猕猴桃,1187,水果,NULL,桃李杏类,2.6,5.0,3.8,,徐香,斤,2024-03-10 00:00:00,NULL,138,NULL,admin,NULL,NULL,NULL
1582796,猕猴桃,1187,水果,NULL,桃李杏类,2.8,4.0,3.4,,海沃德,斤,2024-03-10 00:00:00,NULL,138,NULL,admin,NULL,NULL,NULL
1582795,无籽小号-大号,1187,水果,NULL,西瓜类,1.6,1.7,1.65,,甜蜜蜜,斤,2024-03-10 00:00:00,NULL,138,NULL,admin,NULL,NULL,NULL
1582794,麒麟,1187,水果,NULL,西瓜类,4.0,5.0,4.5,,甜蜜蜜,斤,2024-03-10 00:00:00,NULL,138,NULL,admin,NULL,NULL,NULL
1582793,黑美人,1187,水果,NULL,西瓜类,1.9,2.1,2.0,,,斤,2024-03-10 00:00:00,NULL,138,NULL,admin,NULL,NULL,NULL
1582792,特小凤,1187,水果,NULL,西瓜类,2.5,3.5,3.0,,,斤,2024-03-10 00:00:00,NULL,138,NULL,admin,NULL,NULL,NULL
1582791,甜王,1187,水果,NULL,西瓜类,2.0,2.2,2.1,,,斤,2024-03-10 00:00:00,NULL,138,NULL,admin,NULL,NULL,NULL
1582790,国产香蕉,1187,水果,NULL,香蕉类,3.0,3.2,3.1,,,斤,2024-03-10 00:00:00,NULL,138,NULL,admin,NULL,NULL,NULL
1582789,进口香蕉,1187,水果,NULL,香蕉类,4.0,4.2,4.1,,菲律宾、老挝,斤,2024-03-10 00:00:00,NULL,138,NULL,admin,NULL,NULL,NULL
1582788,泰国香蕉,1187,水果,NULL,香蕉类,10.0,10.5,10.25,,帝王蕉,斤,2024-03-10 00:00:00,NULL,138,NULL,admin,NULL,NULL,NULL
1582787,晓蜜25号,1187,水果,NULL,甜瓜类,2.6,3.0,2.8,,,斤,2024-03-10 00:00:00,NULL,138,NULL,admin,NULL,NULL,NULL
1582786,黄金瓜,1187,水果,NULL,甜瓜类,2.3,2.6,2.45,,金蜜,斤,2024-03-10 00:00:00,NULL,138,NULL,admin,NULL,NULL,NULL
1582785,玉菇,1187,水果,NULL,甜瓜类,3.0,3.2,3.1,,奶香蜜,斤,2024-03-10 00:00:00,NULL,138,NULL,admin,NULL,NULL,NULL
1582784,网纹,1187,水果,NULL,甜瓜类,5.5,6.5,6.0,,,斤,2024-03-10 00:00:00,NULL,138,NULL,admin,NULL,NULL,NULL
1582783,羊角蜜,1187,水果,NULL,甜瓜类,7.0,7.5,7.25,,六一,斤,2024-03-10 00:00:00,NULL,138,NULL,admin,NULL,NULL,NULL
1582782,绿宝甜瓜,1187,水果,NULL,甜瓜类,7.0,7.5,7.25,,,斤,2024-03-10 00:00:00,NULL,138,NULL,admin,NULL,NULL,NULL
1582781,博阳,1187,水果,NULL,甜瓜类,7.0,7.5,7.25,,系列,斤,2024-03-10 00:00:00,NULL,138,NULL,admin,NULL,NULL,NULL
1582780,富士,1187,水果,NULL,苹果类,2.8,3.6,3.2,,纸袋Φ70-84,斤,2024-03-10 00:00:00,NULL,138,NULL,admin,NULL,NULL,NULL
1582779,富士,1187,水果,NULL,苹果类,4.0,5.0,4.5,,纸袋Φ85以上,斤,2024-03-10 00:00:00,NULL,138,NULL,admin,NULL,NULL,NULL
1582778,富士,1187,水果,NULL,苹果类,2.2,2.8,2.5,,纸+膜袋,斤,2024-03-10 00:00:00,NULL,138,NULL,admin,NULL,NULL,NULL
1582777,黄元帅,1187,水果,NULL,苹果类,2.8,3.8,3.3,,,斤,2024-03-10 00:00:00,NULL,138,NULL,admin,NULL,NULL,NULL
1582776,花牛,1187,水果,NULL,苹果类,2.0,4.0,3.0,,,斤,2024-03-10 00:00:00,NULL,138,NULL,admin,NULL,NULL,NULL
1582775,阿克苏,1187,水果,NULL,苹果类,5.5,6.0,5.75,新疆,冰糖心,斤,2024-03-10 00:00:00,NULL,138,NULL,admin,NULL,NULL,NULL
1582774,国光,1187,水果,NULL,苹果类,2.5,2.8,2.65,,,斤,2024-03-10 00:00:00,NULL,138,NULL,admin,NULL,NULL,NULL
1582773,寒富苹果,1187,水果,NULL,苹果类,2.2,2.8,2.5,辽宁,,斤,2024-03-10 00:00:00,NULL,138,NULL,admin,NULL,NULL,NULL
1582772,阳光玫瑰,1187,水果,NULL,葡萄类,12.0,23.0,17.5,,,斤,2024-03-10 00:00:00,NULL,138,NULL,admin,NULL,NULL,NULL
1582771,红提,1187,水果,NULL,葡萄类,8.0,12.0,10.0,,,斤,2024-03-10 00:00:00,NULL,138,NULL,admin,NULL,NULL,NULL
1582770,克伦生,1187,水果,NULL,葡萄类,9.0,13.0,11.0,,,斤,2024-03-10 00:00:00,NULL,138,NULL,admin,NULL,NULL,NULL
1582769,红宝石,1187,水果,NULL,葡萄类,6.5,8.5,7.5,,,斤,2024-03-10 00:00:00,NULL,138,NULL,admin,NULL,NULL,NULL
1582768,巨峰,1187,水果,NULL,葡萄类,4.0,4.5,4.25,,,斤,2024-03-10 00:00:00,NULL,138,NULL,admin,NULL,NULL,NULL
1582767,辽峰,1187,水果,NULL,葡萄类,9.0,13.0,11.0,,,斤,2024-03-10 00:00:00,NULL,138,NULL,admin,NULL,NULL,NULL
1582766,台农,1187,水果,NULL,芒果类,7.0,7.5,7.25,,小,斤,2024-03-10 00:00:00,NULL,138,NULL,admin,NULL,NULL,NULL
1582765,台农,1187,水果,NULL,芒果类,8.5,9.0,8.75,,大,斤,2024-03-10 00:00:00,NULL,138,NULL,admin,NULL,NULL,NULL
1582764,玉纹,1187,水果,NULL,芒果类,12.0,13.0,12.5,,,斤,2024-03-10 00:00:00,NULL,138,NULL,admin,NULL,NULL,NULL
1582763,青皮,1187,水果,NULL,芒果类,6.0,6.5,6.25,,,斤,2024-03-10 00:00:00,NULL,138,NULL,admin,NULL,NULL,NULL
1582762,澳芒,1187,水果,NULL,芒果类,13.0,13.5,13.25,,,斤,2024-03-10 00:00:00,NULL,138,NULL,admin,NULL,NULL,NULL
1582761,高乐蜜,1187,水果,NULL,芒果类,6.0,6.5,6.25,,,斤,2024-03-10 00:00:00,NULL,138,NULL,admin,NULL,NULL,NULL
1582760,水仙芒果,1187,水果,NULL,芒果类,8.0,8.5,8.25,,,斤,2024-03-10 00:00:00,NULL,138,NULL,admin,NULL,NULL,NULL
1582759,美早,1187,水果,NULL,樱桃类,60.0,120.0,90.0,,,斤,2024-03-10 00:00:00,NULL,138,NULL,admin,NULL,NULL,NULL
1582758,白条猪,1189,肉禽蛋,1205,猪肉类,9.0,9.0,9.0,,瘦,斤,2024-03-10 00:00:00,NULL,138,NULL,admin,NULL,NULL,NULL
1582757,白条猪,1189,肉禽蛋,1205,猪肉类,8.25,8.25,8.25,,肥,斤,2024-03-10 00:00:00,NULL,138,NULL,admin,NULL,NULL,NULL
1582756,前臀尖,1189,肉禽蛋,1205,猪肉类,8.5,8.5,8.5,,瘦,斤,2024-03-10 00:00:00,NULL,138,NULL,admin,NULL,NULL,NULL
1582755,前臀尖,1189,肉禽蛋,1205,猪肉类,8.0,8.0,8.0,,肥,斤,2024-03-10 00:00:00,NULL,138,NULL,admin,NULL,NULL,NULL
1582754,后臀尖,1189,肉禽蛋,1205,猪肉类,8.5,8.5,8.5,,瘦,斤,2024-03-10 00:00:00,NULL,138,NULL,admin,NULL,NULL,NULL
1582753,后臀尖,1189,肉禽蛋,1205,猪肉类,8.0,8.0,8.0,,肥,斤,2024-03-10 00:00:00,NULL,138,NULL,admin,NULL,NULL,NULL
1582752,五花肉,1189,肉禽蛋,1205,猪肉类,11.5,12.0,11.75,,瘦,斤,2024-03-10 00:00:00,NULL,138,NULL,admin,NULL,NULL,NULL
1582751,五花肉,1189,肉禽蛋,1205,猪肉类,10.5,11.5,11.0,,肥,斤,2024-03-10 00:00:00,NULL,138,NULL,admin,NULL,NULL,NULL
1582750,五花头,1189,肉禽蛋,1205,猪肉类,8.5,9.0,8.75,,,斤,2024-03-10 00:00:00,NULL,138,NULL,admin,NULL,NULL,NULL
1582749,纯通脊,1189,肉禽蛋,1205,猪肉类,11.0,12.0,11.5,,,斤,2024-03-10 00:00:00,NULL,138,NULL,admin,NULL,NULL,NULL
1582748,通脊,1189,肉禽蛋,1205,猪肉类,8.5,9.0,8.75,,带皮,斤,2024-03-10 00:00:00,NULL,138,NULL,admin,NULL,NULL,NULL
1582747,小里脊,1189,肉禽蛋,1205,猪肉类,12.5,13.0,12.75,,,斤,2024-03-10 00:00:00,NULL,138,NULL,admin,NULL,NULL,NULL
1582746,梅花肉,1189,肉禽蛋,1205,猪肉类,10.5,11.0,10.75,,,斤,2024-03-10 00:00:00,NULL,138,NULL,admin,NULL,NULL,NULL
1582745,纯瘦肉,1189,肉禽蛋,1205,猪肉类,9.0,10.0,9.5,,,斤,2024-03-10 00:00:00,NULL,138,NULL,admin,NULL,NULL,NULL
1582744,护心肉,1189,肉禽蛋,1205,猪肉类,16.0,17.0,16.5,,鲜,斤,2024-03-10 00:00:00,NULL,138,NULL,admin,NULL,NULL,NULL
1582743,前肘,1189,肉禽蛋,1205,猪肉类,7.5,8.5,8.0,,,斤,2024-03-10 00:00:00,NULL,138,NULL,admin,NULL,NULL,NULL
1582742,后肘,1189,肉禽蛋,1205,猪肉类,6.2,7.0,6.6,,,斤,2024-03-10 00:00:00,NULL,138,NULL,admin,NULL,NULL,NULL
1582741,月牙骨,1189,肉禽蛋,1205,猪肉类,17.0,20.0,18.5,,,斤,2024-03-10 00:00:00,NULL,138,NULL,admin,NULL,NULL,NULL
1582740,猪尾巴,1189,肉禽蛋,1205,猪肉类,45.0,50.0,47.5,,,斤,2024-03-10 00:00:00,NULL,138,NULL,admin,NULL,NULL,NULL
1582739,猪蹄,1189,肉禽蛋,1205,猪肉类,17.0,19.0,18.0,,,斤,2024-03-10 00:00:00,NULL,138,NULL,admin,NULL,NULL,NULL
1582738,纯排骨,1189,肉禽蛋,1205,猪肉类,17.0,20.0,18.5,,,斤,2024-03-10 00:00:00,NULL,138,NULL,admin,NULL,NULL,NULL
1582737,纯腔骨,1189,肉禽蛋,1205,猪肉类,6.5,8.0,7.25,,,斤,2024-03-10 00:00:00,NULL,138,NULL,admin,NULL,NULL,NULL
1582736,腔排骨,1189,肉禽蛋,1205,猪肉类,11.5,12.5,12.0,,,斤,2024-03-10 00:00:00,NULL,138,NULL,admin,NULL,NULL,NULL
1582735,梅花骨,1189,肉禽蛋,1205,猪肉类,8.0,9.0,8.5,,,斤,2024-03-10 00:00:00,NULL,138,NULL,admin,NULL,NULL,NULL
1582734,棒骨,1189,肉禽蛋,1205,猪肉类,7.5,8.5,8.0,,,斤,2024-03-10 00:00:00,NULL,138,NULL,admin,NULL,NULL,NULL
1582733,猪头,1189,肉禽蛋,1205,猪肉类,8.5,8.5,8.5,,,斤,2024-03-10 00:00:00,NULL,138,NULL,admin,NULL,NULL,NULL
1582732,猪口条,1189,肉禽蛋,1205,猪肉类,14.0,14.0,14.0,,,斤,2024-03-10 00:00:00,NULL,138,NULL,admin,NULL,NULL,NULL
1582731,猪耳,1189,肉禽蛋,1205,猪肉类,25.0,25.0,25.0,,,斤,2024-03-10 00:00:00,NULL,138,NULL,admin,NULL,NULL,NULL
1582730,猪脑,1189,肉禽蛋,1205,猪肉类,20.0,22.0,21.0,,,斤,2024-03-10 00:00:00,NULL,138,NULL,admin,NULL,NULL,NULL
1582729,猪肚,1189,肉禽蛋,1205,猪肉类,24.0,25.0,24.5,,,斤,2024-03-10 00:00:00,NULL,138,NULL,admin,NULL,NULL,NULL
1582728,猪板油,1189,肉禽蛋,1205,猪肉类,5.0,6.0,5.5,,,斤,2024-03-10 00:00:00,NULL,138,NULL,admin,NULL,NULL,NULL
1582727,肥膘肉,1189,肉禽蛋,1205,猪肉类,3.0,5.0,4.0,,,斤,2024-03-10 00:00:00,NULL,138,NULL,admin,NULL,NULL,NULL
1582726,猪腰子,1189,肉禽蛋,1205,猪肉类,23.0,24.0,23.5,,,斤,2024-03-10 00:00:00,NULL,138,NULL,admin,NULL,NULL,NULL
1582725,猪心,1189,肉禽蛋,1205,猪肉类,8.0,8.0,8.0,,,斤,2024-03-10 00:00:00,NULL,138,NULL,admin,NULL,NULL,NULL
1582724,猪肝,1189,肉禽蛋,1205,猪肉类,4.0,5.0,4.5,,,斤,2024-03-10 00:00:00,NULL,138,NULL,admin,NULL,NULL,NULL
1582723,猪肺,1189,肉禽蛋,1205,猪肉类,3.5,4.0,3.75,,,个,2024-03-10 00:00:00,NULL,138,NULL,admin,NULL,NULL,NULL
1582722,猪皮,1189,肉禽蛋,1205,猪肉类,4.0,5.0,4.5,,,斤,2024-03-10 00:00:00,NULL,138,NULL,admin,NULL,NULL,NULL
1582721,猪肠头,1189,肉禽蛋,1205,猪肉类,20.0,20.0,20.0,,,斤,2024-03-10 00:00:00,NULL,138,NULL,admin,NULL,NULL,NULL
1582720,猪肠,1189,肉禽蛋,1205,猪肉类,18.0,18.0,18.0,,,斤,2024-03-10 00:00:00,NULL,138,NULL,admin,NULL,NULL,NULL
1582719,整牛,1189,肉禽蛋,1206,牛肉类,25.5,26.0,25.75,,,斤,2024-03-10 00:00:00,NULL,138,NULL,admin,NULL,NULL,NULL
1582718,牛前腱,1189,肉禽蛋,1206,牛肉类,31.0,33.0,32.0,,,斤,2024-03-10 00:00:00,NULL,138,NULL,admin,NULL,NULL,NULL
1582717,牛后腱,1189,肉禽蛋,1206,牛肉类,31.0,32.0,31.5,,,斤,2024-03-10 00:00:00,NULL,138,NULL,admin,NULL,NULL,NULL
1582716,牛前腿,1189,肉禽蛋,1206,牛肉类,27.0,28.0,27.5,,,斤,2024-03-10 00:00:00,NULL,138,NULL,admin,NULL,NULL,NULL
1582715,牛后腿,1189,肉禽蛋,1206,牛肉类,27.0,28.0,27.5,,,斤,2024-03-10 00:00:00,NULL,138,NULL,admin,NULL,NULL,NULL
1582714,牛腰窝,1189,肉禽蛋,1206,牛肉类,29.0,30.0,29.5,,,斤,2024-03-10 00:00:00,NULL,138,NULL,admin,NULL,NULL,NULL
1582713,肥牛,1189,肉禽蛋,1206,牛肉类,28.0,35.0,31.5,,,斤,2024-03-10 00:00:00,NULL,138,NULL,admin,NULL,NULL,NULL
1582712,牛柳,1189,肉禽蛋,1206,牛肉类,33.0,34.0,33.5,,里脊,斤,2024-03-10 00:00:00,NULL,138,NULL,admin,NULL,NULL,NULL
1582711,精牛柳,1189,肉禽蛋,1206,牛肉类,35.0,35.0,35.0,,,斤,2024-03-10 00:00:00,NULL,138,NULL,admin,NULL,NULL,NULL
1582710,牛腩,1189,肉禽蛋,1206,牛肉类,27.0,28.0,27.5,,,斤,2024-03-10 00:00:00,NULL,138,NULL,admin,NULL,NULL,NULL
1582709,牛林,1189,肉禽蛋,1206,牛肉类,27.0,27.0,27.0,,,斤,2024-03-10 00:00:00,NULL,138,NULL,admin,NULL,NULL,NULL
1582708,牛金钱腱,1189,肉禽蛋,1206,牛肉类,48.0,50.0,49.0,,,斤,2024-03-10 00:00:00,NULL,138,NULL,admin,NULL,NULL,NULL
1582707,牛筋头巴脑,1189,肉禽蛋,1206,牛肉类,23.0,25.0,24.0,,,斤,2024-03-10 00:00:00,NULL,138,NULL,admin,NULL,NULL,NULL
1582706,牛宝,1189,肉禽蛋,1206,牛肉类,18.0,18.0,18.0,,,斤,2024-03-10 00:00:00,NULL,138,NULL,admin,NULL,NULL,NULL
1582705,牛鞭,1189,肉禽蛋,1206,牛肉类,65.0,70.0,67.5,,,斤,2024-03-10 00:00:00,NULL,138,NULL,admin,NULL,NULL,NULL
1582704,牛油,1189,肉禽蛋,1206,牛肉类,5.0,5.5,5.25,,,斤,2024-03-10 00:00:00,NULL,138,NULL,admin,NULL,NULL,NULL
1582703,牛心,1189,肉禽蛋,1206,牛肉类,7.0,8.0,7.5,,,斤,2024-03-10 00:00:00,NULL,138,NULL,admin,NULL,NULL,NULL
1582702,牛舌,1189,肉禽蛋,1206,牛肉类,27.0,29.0,28.0,,,斤,2024-03-10 00:00:00,NULL,138,NULL,admin,NULL,NULL,NULL
1582701,牛骨,1189,肉禽蛋,1206,牛肉类,4.5,5.0,4.75,,,斤,2024-03-10 00:00:00,NULL,138,NULL,admin,NULL,NULL,NULL
1582700,牛排骨,1189,肉禽蛋,1206,牛肉类,29.0,30.0,29.5,,,斤,2024-03-10 00:00:00,NULL,138,NULL,admin,NULL,NULL,NULL
1582699,牛蹄筋,1189,肉禽蛋,1206,牛肉类,24.0,25.0,24.5,,,斤,2024-03-10 00:00:00,NULL,138,NULL,admin,NULL,NULL,NULL
1582698,牛板筋,1189,肉禽蛋,1206,牛肉类,30.0,30.0,30.0,,,斤,2024-03-10 00:00:00,NULL,138,NULL,admin,NULL,NULL,NULL
1582697,牛心管,1189,肉禽蛋,1206,牛肉类,40.0,40.0,40.0,,,斤,2024-03-10 00:00:00,NULL,138,NULL,admin,NULL,NULL,NULL
1582696,牛肚,1189,肉禽蛋,1206,牛肉类,17.0,20.0,18.5,,,斤,2024-03-10 00:00:00,NULL,138,NULL,admin,NULL,NULL,NULL
1582695,牛腰子,1189,肉禽蛋,1206,牛肉类,8.0,10.0,9.0,,,斤,2024-03-10 00:00:00,NULL,138,NULL,admin,NULL,NULL,NULL
1582694,牛尾,1189,肉禽蛋,1206,牛肉类,28.0,32.0,30.0,,,斤,2024-03-10 00:00:00,NULL,138,NULL,admin,NULL,NULL,NULL
1582693,牛百叶,1189,肉禽蛋,1206,牛肉类,38.0,40.0,39.0,,,斤,2024-03-10 00:00:00,NULL,138,NULL,admin,NULL,NULL,NULL
1582692,牛上脑,1189,肉禽蛋,1206,牛肉类,27.0,28.0,27.5,,,斤,2024-03-10 00:00:00,NULL,138,NULL,admin,NULL,NULL,NULL
1582691,整羊,1189,肉禽蛋,1207,羊肉类,23.0,23.0,23.0,,,斤,2024-03-10 00:00:00,NULL,138,NULL,admin,NULL,NULL,NULL
1582690,去骨羊前腿,1189,肉禽蛋,1207,羊肉类,32.0,33.0,32.5,,,斤,2024-03-10 00:00:00,NULL,138,NULL,admin,NULL,NULL,NULL
1582689,去骨羊后腿,1189,肉禽蛋,1207,羊肉类,34.0,35.0,34.5,,,斤,2024-03-10 00:00:00,NULL,138,NULL,admin,NULL,NULL,NULL
1582688,羊腰窝,1189,肉禽蛋,1207,羊肉类,31.0,32.0,31.5,,,斤,2024-03-10 00:00:00,NULL,138,NULL,admin,NULL,NULL,NULL
1582687,羊肉片,1189,肉禽蛋,1207,羊肉类,28.0,35.0,31.5,,,斤,2024-03-10 00:00:00,NULL,138,NULL,admin,NULL,NULL,NULL
1582686,羊腰子,1189,肉禽蛋,1207,羊肉类,11.0,12.0,11.5,,挂油,个,2024-03-10 00:00:00,NULL,138,NULL,admin,NULL,NULL,NULL
1582685,羊蝎子,1189,肉禽蛋,1207,羊肉类,12.0,15.0,13.5,,普通,斤,2024-03-10 00:00:00,NULL,138,NULL,admin,NULL,NULL,NULL
1582684,羊蝎子,1189,肉禽蛋,1207,羊肉类,23.0,25.0,24.0,,精品,斤,2024-03-10 00:00:00,NULL,138,NULL,admin,NULL,NULL,NULL
1582683,羊排骨,1189,肉禽蛋,1207,羊肉类,23.0,24.0,23.5,,,斤,2024-03-10 00:00:00,NULL,138,NULL,admin,NULL,NULL,NULL
1582682,羊尾巴油,1189,肉禽蛋,1207,羊肉类,7.0,8.0,7.5,,,斤,2024-03-10 00:00:00,NULL,138,NULL,admin,NULL,NULL,NULL
1582681,羊小腿,1189,肉禽蛋,1207,羊肉类,20.0,20.0,20.0,,羊棒,斤,2024-03-10 00:00:00,NULL,138,NULL,admin,NULL,NULL,NULL
1582680,羊腱子肉,1189,肉禽蛋,1207,羊肉类,35.0,36.0,35.5,,,斤,2024-03-10 00:00:00,NULL,138,NULL,admin,NULL,NULL,NULL
1582679,羊蹄,1189,肉禽蛋,1207,羊肉类,15.0,15.0,15.0,,水褪,斤,2024-03-10 00:00:00,NULL,138,NULL,admin,NULL,NULL,NULL
1582678,羊头,1189,肉禽蛋,1207,羊肉类,13.0,13.0,13.0,,,斤,2024-03-10 00:00:00,NULL,138,NULL,admin,NULL,NULL,NULL
1582677,羊肝,1189,肉禽蛋,1207,羊肉类,6.5,7.0,6.75,,,斤,2024-03-10 00:00:00,NULL,138,NULL,admin,NULL,NULL,NULL
1582676,羊心,1189,肉禽蛋,1207,羊肉类,16.0,17.0,16.5,,,斤,2024-03-10 00:00:00,NULL,138,NULL,admin,NULL,NULL,NULL
1582675,羊肠,1189,肉禽蛋,1207,羊肉类,14.0,14.0,14.0,,,斤,2024-03-10 00:00:00,NULL,138,NULL,admin,NULL,NULL,NULL
1582674,羊肚,1189,肉禽蛋,1207,羊肉类,19.0,19.0,19.0,,,斤,2024-03-10 00:00:00,NULL,138,NULL,admin,NULL,NULL,NULL
1582673,羊鞭,1189,肉禽蛋,1207,羊肉类,70.0,70.0,70.0,,,斤,2024-03-10 00:00:00,NULL,138,NULL,admin,NULL,NULL,NULL
1582672,羊宝,1189,肉禽蛋,1207,羊肉类,30.0,30.0,30.0,,,斤,2024-03-10 00:00:00,NULL,138,NULL,admin,NULL,NULL,NULL
1582671,羊骨头,1189,肉禽蛋,1207,羊肉类,9.5,10.0,9.75,,,斤,2024-03-10 00:00:00,NULL,138,NULL,admin,NULL,NULL,NULL
1582670,羊上脑,1189,肉禽蛋,1207,羊肉类,34.0,36.0,35.0,,,斤,2024-03-10 00:00:00,NULL,138,NULL,admin,NULL,NULL,NULL
1582669,羊腩,1189,肉禽蛋,1207,羊肉类,24.0,25.0,24.5,,,斤,2024-03-10 00:00:00,NULL,138,NULL,admin,NULL,NULL,NULL
1582668,羊里脊,1189,肉禽蛋,1207,羊肉类,32.0,34.0,33.0,,,斤,2024-03-10 00:00:00,NULL,138,NULL,admin,NULL,NULL,NULL
1582667,淘汰鸡,1189,肉禽蛋,1208,禽蛋类,10.0,10.0,10.0,,干净膛,斤,2024-03-10 00:00:00,NULL,138,NULL,admin,NULL,NULL,NULL
1582666,淘汰鸡,1189,肉禽蛋,1208,禽蛋类,8.8,9.0,8.9,,净膛,斤,2024-03-10 00:00:00,NULL,138,NULL,admin,NULL,NULL,NULL
1582665,仔鸡,1189,肉禽蛋,1208,禽蛋类,6.8,7.2,7.0,,净膛,斤,2024-03-10 00:00:00,NULL,138,NULL,admin,NULL,NULL,NULL
1582664,肉鸡,1189,肉禽蛋,1208,禽蛋类,7.0,7.3,7.15,,,斤,2024-03-10 00:00:00,NULL,138,NULL,admin,NULL,NULL,NULL
1582663,鸡胸,1189,肉禽蛋,1208,禽蛋类,6.0,7.0,6.5,,,斤,2024-03-10 00:00:00,NULL,138,NULL,admin,NULL,NULL,NULL
1582662,鸡翅,1189,肉禽蛋,1208,禽蛋类,11.0,11.0,11.0,,,斤,2024-03-10 00:00:00,NULL,138,NULL,admin,NULL,NULL,NULL
1582661,鸡翅尖,1189,肉禽蛋,1208,禽蛋类,7.0,7.5,7.25,,,斤,2024-03-10 00:00:00,NULL,138,NULL,admin,NULL,NULL,NULL
1582660,鸡翅中,1189,肉禽蛋,1208,禽蛋类,21.0,21.0,21.0,,,斤,2024-03-10 00:00:00,NULL,138,NULL,admin,NULL,NULL,NULL
1582659,鸡翅根,1189,肉禽蛋,1208,禽蛋类,7.3,7.5,7.4,,,斤,2024-03-10 00:00:00,NULL,138,NULL,admin,NULL,NULL,NULL
1582658,鸡边腿,1189,肉禽蛋,1208,禽蛋类,6.3,6.5,6.4,,,斤,2024-03-10 00:00:00,NULL,138,NULL,admin,NULL,NULL,NULL
1582657,鸡排腿,1189,肉禽蛋,1208,禽蛋类,7.0,7.0,7.0,,,斤,2024-03-10 00:00:00,NULL,138,NULL,admin,NULL,NULL,NULL
1582656,鸡琵琶腿,1189,肉禽蛋,1208,禽蛋类,7.0,7.5,7.25,,,斤,2024-03-10 00:00:00,NULL,138,NULL,admin,NULL,NULL,NULL
1582655,鸡胗,1189,肉禽蛋,1208,禽蛋类,10.0,12.0,11.0,,,斤,2024-03-10 00:00:00,NULL,138,NULL,admin,NULL,NULL,NULL
1582654,鸡爪,1189,肉禽蛋,1208,禽蛋类,21.0,21.0,21.0,,,斤,2024-03-10 00:00:00,NULL,138,NULL,admin,NULL,NULL,NULL
1582653,鸡心,1189,肉禽蛋,1208,禽蛋类,5.0,5.0,5.0,,,斤,2024-03-10 00:00:00,NULL,138,NULL,admin,NULL,NULL,NULL
1582652,鸡肝,1189,肉禽蛋,1208,禽蛋类,3.0,3.0,3.0,,,斤,2024-03-10 00:00:00,NULL,138,NULL,admin,NULL,NULL,NULL
1582651,鸡脖子,1189,肉禽蛋,1208,禽蛋类,4.8,5.0,4.9,,去皮,斤,2024-03-10 00:00:00,NULL,138,NULL,admin,NULL,NULL,NULL
1582650,鸡头,1189,肉禽蛋,1208,禽蛋类,2.5,3.0,2.75,,,斤,2024-03-10 00:00:00,NULL,138,NULL,admin,NULL,NULL,NULL
1582649,鸡油,1189,肉禽蛋,1208,禽蛋类,5.5,5.5,5.5,,,斤,2024-03-10 00:00:00,NULL,138,NULL,admin,NULL,NULL,NULL
1582648,鸡架子,1189,肉禽蛋,1208,禽蛋类,3.5,4.0,3.75,,,斤,2024-03-10 00:00:00,NULL,138,NULL,admin,NULL,NULL,NULL
1582647,白条乌鸡,1189,肉禽蛋,1208,禽蛋类,12.0,12.0,12.0,,净膛,斤,2024-03-10 00:00:00,NULL,138,NULL,admin,NULL,NULL,NULL
1582646,黑爪公鸡,1189,肉禽蛋,1208,禽蛋类,11.0,12.0,11.5,,净膛,斤,2024-03-10 00:00:00,NULL,138,NULL,admin,NULL,NULL,NULL
1582645,白条鹅,1189,肉禽蛋,1208,禽蛋类,11.0,13.0,12.0,,净膛,斤,2024-03-10 00:00:00,NULL,138,NULL,admin,NULL,NULL,NULL
1582644,白条湖鸭,1189,肉禽蛋,1208,禽蛋类,6.0,8.0,7.0,,,斤,2024-03-10 00:00:00,NULL,138,NULL,admin,NULL,NULL,NULL
1582643,鸭肠,1189,肉禽蛋,1208,禽蛋类,7.0,8.0,7.5,,,斤,2024-03-10 00:00:00,NULL,138,NULL,admin,NULL,NULL,NULL
1582642,鸭肝,1189,肉禽蛋,1208,禽蛋类,2.5,2.5,2.5,,,斤,2024-03-10 00:00:00,NULL,138,NULL,admin,NULL,NULL,NULL
1582641,鸭头,1189,肉禽蛋,1208,禽蛋类,9.5,11.0,10.25,,,斤,2024-03-10 00:00:00,NULL,138,NULL,admin,NULL,NULL,NULL
1582640,鸭心,1189,肉禽蛋,1208,禽蛋类,4.5,5.0,4.75,,,斤,2024-03-10 00:00:00,NULL,138,NULL,admin,NULL,NULL,NULL
1582639,鸭腿,1189,肉禽蛋,1208,禽蛋类,5.8,6.5,6.15,,,斤,2024-03-10 00:00:00,NULL,138,NULL,admin,NULL,NULL,NULL
1582638,鸭胗,1189,肉禽蛋,1208,禽蛋类,14.5,15.0,14.75,,,斤,2024-03-10 00:00:00,NULL,138,NULL,admin,NULL,NULL,NULL
1582637,鸭脖子,1189,肉禽蛋,1208,禽蛋类,9.0,10.0,9.5,,去皮,斤,2024-03-10 00:00:00,NULL,138,NULL,admin,NULL,NULL,NULL
1582636,白条乳鸽,1189,肉禽蛋,1208,禽蛋类,20.0,23.0,21.5,,,只,2024-03-10 00:00:00,NULL,138,NULL,admin,NULL,NULL,NULL
1582635,白条兔,1189,肉禽蛋,1208,禽蛋类,23.0,25.0,24.0,,鲜,斤,2024-03-10 00:00:00,NULL,138,NULL,admin,NULL,NULL,NULL
1582634,箱鸡蛋,1189,肉禽蛋,1208,禽蛋类,164.0,170.0,167.0,,净44斤,箱,2024-03-10 00:00:00,NULL,138,NULL,admin,NULL,NULL,NULL
1582633,箱鸡蛋,1189,肉禽蛋,1208,禽蛋类,3.73,3.86,3.8,,,斤,2024-03-10 00:00:00,NULL,138,NULL,admin,NULL,NULL,NULL
1582632,散鸡蛋,1189,肉禽蛋,1208,禽蛋类,4.3,4.3,4.3,,,斤,2024-03-10 00:00:00,NULL,138,NULL,admin,NULL,NULL,NULL
1582631,生鸭蛋,1189,肉禽蛋,1208,禽蛋类,6.6,7.5,7.05,,,斤,2024-03-10 00:00:00,NULL,138,NULL,admin,NULL,NULL,NULL
1582630,熟鸭蛋,1189,肉禽蛋,1208,禽蛋类,8.3,10.0,9.15,,,斤,2024-03-10 00:00:00,NULL,138,NULL,admin,NULL,NULL,NULL
1582629,松花蛋,1189,肉禽蛋,1208,禽蛋类,7.0,10.0,8.5,,,斤,2024-03-10 00:00:00,NULL,138,NULL,admin,NULL,NULL,NULL
1582628,鹅蛋,1189,肉禽蛋,1208,禽蛋类,15.5,18.5,17.0,,,斤,2024-03-10 00:00:00,NULL,138,NULL,admin,NULL,NULL,NULL
1582627,鹌鹑蛋,1189,肉禽蛋,1208,禽蛋类,5.3,7.0,6.15,,,斤,2024-03-10 00:00:00,NULL,138,NULL,admin,NULL,NULL,NULL
1582626,柴鸡蛋,1189,肉禽蛋,1208,禽蛋类,4.09,8.2,6.15,,,斤,2024-03-10 00:00:00,NULL,138,NULL,admin,NULL,NULL,NULL
1582625,乌鸡蛋,1189,肉禽蛋,1208,禽蛋类,7.5,8.5,8.0,,,斤,2024-03-10 00:00:00,NULL,138,NULL,admin,NULL,NULL,NULL
1582624,大雁蛋,1189,肉禽蛋,1208,禽蛋类,15.0,17.5,16.25,,,斤,2024-03-10 00:00:00,NULL,138,NULL,admin,NULL,NULL,NULL
1582623,变蛋,1189,肉禽蛋,1208,禽蛋类,0.7,1.0,0.85,,,个,2024-03-10 00:00:00,NULL,138,NULL,admin,NULL,NULL,NULL
1582622,鸵鸟蛋,1189,肉禽蛋,1208,禽蛋类,100.0,160.0,130.0,,,个,2024-03-10 00:00:00,NULL,138,NULL,admin,NULL,NULL,NULL
1582621,鸽子蛋,1189,肉禽蛋,1208,禽蛋类,3.0,3.3,3.15,,,个,2024-03-10 00:00:00,NULL,138,NULL,admin,NULL,NULL,NULL
1582620,活珠子,1189,肉禽蛋,1208,禽蛋类,1.3,1.5,1.4,,,个,2024-03-10 00:00:00,NULL,138,NULL,admin,NULL,NULL,NULL
1582619,山鸡蛋,1189,肉禽蛋,1208,禽蛋类,1.1,1.2,1.15,,,个,2024-03-10 00:00:00,NULL,138,NULL,admin,NULL,NULL,NULL
1582618,大白菜,1186,蔬菜,NULL,,0.55,1.0,0.78,冀鲁鄂,,斤,2024-03-09 00:00:00,NULL,138,NULL,admin,NULL,NULL,NULL
1582617,娃娃菜,1186,蔬菜,NULL,,1.8,2.2,2.0,豫鄂云,,斤,2024-03-09 00:00:00,NULL,138,NULL,admin,NULL,NULL,NULL
1582616,小白菜,1186,蔬菜,NULL,,1.3,1.4,1.35,冀鲁,,斤,2024-03-09 00:00:00,NULL,138,NULL,admin,NULL,NULL,NULL
1582615,圆白菜,1186,蔬菜,NULL,,0.4,0.7,0.55,鄂冀川,露地,斤,2024-03-09 00:00:00,NULL,138,NULL,admin,NULL,NULL,NULL
1582614,圆白菜,1186,蔬菜,NULL,,1.9,2.1,2.0,鲁冀,大棚,斤,2024-03-09 00:00:00,NULL,138,NULL,admin,NULL,NULL,NULL
1582613,紫甘蓝,1186,蔬菜,NULL,,1.3,1.4,1.35,冀鲁宁,,斤,2024-03-09 00:00:00,NULL,138,NULL,admin,NULL,NULL,NULL
1582612,芹菜,1186,蔬菜,NULL,,2.3,2.6,2.45,鲁津,,斤,2024-03-09 00:00:00,NULL,138,NULL,admin,NULL,NULL,NULL
1582611,西芹,1186,蔬菜,NULL,,2.8,3.2,3.0,鲁辽,,斤,2024-03-09 00:00:00,NULL,138,NULL,admin,NULL,NULL,NULL
1582610,菠菜,1186,蔬菜,NULL,,1.8,2.3,2.05,冀鲁,,斤,2024-03-09 00:00:00,NULL,138,NULL,admin,NULL,NULL,NULL
1582609,莴笋,1186,蔬菜,NULL,,1.0,2.0,1.5,浙闽云,,斤,2024-03-09 00:00:00,NULL,138,NULL,admin,NULL,NULL,NULL
1582608,团生菜,1186,蔬菜,NULL,,1.5,2.5,2.0,云,,斤,2024-03-09 00:00:00,NULL,138,NULL,admin,NULL,NULL,NULL
1582607,罗马生菜,1186,蔬菜,NULL,,2.0,2.3,2.15,云,,斤,2024-03-09 00:00:00,NULL,138,NULL,admin,NULL,NULL,NULL
1582606,散叶生菜,1186,蔬菜,NULL,,1.5,2.0,1.75,冀辽,,斤,2024-03-09 00:00:00,NULL,138,NULL,admin,NULL,NULL,NULL
1582605,油菜,1186,蔬菜,NULL,,1.0,1.5,1.25,鲁,,斤,2024-03-09 00:00:00,NULL,138,NULL,admin,NULL,NULL,NULL
1582604,香菜,1186,蔬菜,NULL,,1.8,3.0,2.4,鲁,,斤,2024-03-09 00:00:00,NULL,138,NULL,admin,NULL,NULL,NULL
1582603,茴香,1186,蔬菜,NULL,,3.0,3.3,3.15,冀,,斤,2024-03-09 00:00:00,NULL,138,NULL,admin,NULL,NULL,NULL
1582602,韭菜,1186,蔬菜,NULL,,2.5,3.3,2.9,冀,,斤,2024-03-09 00:00:00,NULL,138,NULL,admin,NULL,NULL,NULL
1582601,苦菊,1186,蔬菜,NULL,,2.7,3.1,2.9,辽,,斤,2024-03-09 00:00:00,NULL,138,NULL,admin,NULL,NULL,NULL
1582600,油麦菜,1186,蔬菜,NULL,,2.5,3.3,2.9,冀鲁云,,斤,2024-03-09 00:00:00,NULL,138,NULL,admin,NULL,NULL,NULL
1582599,散菜花,1186,蔬菜,NULL,,1.5,2.8,2.15,云闽,,斤,2024-03-09 00:00:00,NULL,138,NULL,admin,NULL,NULL,NULL
1582598,绿菜花,1186,蔬菜,NULL,,2.0,2.4,2.2,浙,,斤,2024-03-09 00:00:00,NULL,138,NULL,admin,NULL,NULL,NULL
1582597,绿豆芽,1186,蔬菜,NULL,,0.95,1.0,0.98,,,斤,2024-03-09 00:00:00,NULL,138,NULL,admin,NULL,NULL,NULL
1582596,黄豆芽,1186,蔬菜,NULL,,0.85,0.9,0.88,,,斤,2024-03-09 00:00:00,NULL,138,NULL,admin,NULL,NULL,NULL
1582595,番茄,1186,蔬菜,NULL,,1.2,1.8,1.5,冀云川,黑框,斤,2024-03-09 00:00:00,NULL,138,NULL,admin,NULL,NULL,NULL
1582594,番茄,1186,蔬菜,NULL,,2.0,2.5,2.25,冀鲁川,纸箱\泡沫箱,斤,2024-03-09 00:00:00,NULL,138,NULL,admin,NULL,NULL,NULL
1582593,番茄,1186,蔬菜,NULL,,3.0,3.6,3.3,蒙鲁,白框,斤,2024-03-09 00:00:00,NULL,138,NULL,admin,NULL,NULL,NULL
1582592,黄瓜,1186,蔬菜,NULL,,1.5,3.0,2.25,鲁辽云,袋\箱,斤,2024-03-09 00:00:00,NULL,138,NULL,admin,NULL,NULL,NULL
1582591,黄瓜,1186,蔬菜,NULL,,2.8,3.8,3.3,鲁,干花\鲜花,斤,2024-03-09 00:00:00,NULL,138,NULL,admin,NULL,NULL,NULL
1582590,小黄瓜,1186,蔬菜,NULL,,4.1,4.1,4.1,辽冀,旱,斤,2024-03-09 00:00:00,NULL,138,NULL,admin,NULL,NULL,NULL
1582589,小黄瓜,1186,蔬菜,NULL,,5.0,5.0,5.0,辽鲁,荷兰,斤,2024-03-09 00:00:00,NULL,138,NULL,admin,NULL,NULL,NULL
1582588,茄子,1186,蔬菜,NULL,,1.5,3.0,2.25,鲁云冀,,斤,2024-03-09 00:00:00,NULL,138,NULL,admin,NULL,NULL,NULL
1582587,长茄,1186,蔬菜,NULL,,2.0,4.0,3.0,辽,,斤,2024-03-09 00:00:00,NULL,138,NULL,admin,NULL,NULL,NULL
1582586,线茄,1186,蔬菜,NULL,,2.5,5.5,4.0,闽,箱,斤,2024-03-09 00:00:00,NULL,138,NULL,admin,NULL,NULL,NULL
1582585,广茄,1186,蔬菜,NULL,,2.5,3.0,2.75,闽云,箱,斤,2024-03-09 00:00:00,NULL,138,NULL,admin,NULL,NULL,NULL
1582584,冬瓜,1186,蔬菜,NULL,,1.3,1.4,1.35,海桂,吊,斤,2024-03-09 00:00:00,NULL,138,NULL,admin,NULL,NULL,NULL
1582583,冬瓜,1186,蔬菜,NULL,,0.9,0.95,0.93,新,地,斤,2024-03-09 00:00:00,NULL,138,NULL,admin,NULL,NULL,NULL
1582582,毛冬瓜,1186,蔬菜,NULL,,1.8,2.2,2.0,云,长\小,斤,2024-03-09 00:00:00,NULL,138,NULL,admin,NULL,NULL,NULL
1582581,架豆,1186,蔬菜,NULL,,3.0,5.8,4.4,云,,斤,2024-03-09 00:00:00,NULL,138,NULL,admin,NULL,NULL,NULL
1582580,豆王,1186,蔬菜,NULL,,3.5,7.9,5.7,云鲁,,斤,2024-03-09 00:00:00,NULL,138,NULL,admin,NULL,NULL,NULL
1582579,扁豆,1186,蔬菜,NULL,,4.5,7.9,6.2,云鲁,,斤,2024-03-09 00:00:00,NULL,138,NULL,admin,NULL,NULL,NULL
1582578,豇豆,1186,蔬菜,NULL,,4.5,6.8,5.65,云海,,斤,2024-03-09 00:00:00,NULL,138,NULL,admin,NULL,NULL,NULL
1582577,白不老,1186,蔬菜,NULL,,4.5,8.0,6.25,云,,斤,2024-03-09 00:00:00,NULL,138,NULL,admin,NULL,NULL,NULL
1582576,油豆,1186,蔬菜,NULL,,4.5,10.0,7.25,云粤,,斤,2024-03-09 00:00:00,NULL,138,NULL,admin,NULL,NULL,NULL
1582575,毛豆,1186,蔬菜,NULL,,3.5,3.8,3.65,粤闽,,斤,2024-03-09 00:00:00,NULL,138,NULL,admin,NULL,NULL,NULL
1582574,花生,1186,蔬菜,NULL,,5.5,6.0,5.75,苏,泥\洗,斤,2024-03-09 00:00:00,NULL,138,NULL,admin,NULL,NULL,NULL
1582573,玉米,1186,蔬菜,NULL,,2.0,2.2,2.1,海,黄,斤,2024-03-09 00:00:00,NULL,138,NULL,admin,NULL,NULL,NULL
1582572,玉米,1186,蔬菜,NULL,,2.6,2.7,2.65,海,白\花,斤,2024-03-09 00:00:00,NULL,138,NULL,admin,NULL,NULL,NULL
1582571,苦瓜,1186,蔬菜,NULL,,4.0,4.5,4.25,鲁,,斤,2024-03-09 00:00:00,NULL,138,NULL,admin,NULL,NULL,NULL
1582570,丝瓜,1186,蔬菜,NULL,,4.5,5.5,5.0,鲁冀,长\短,斤,2024-03-09 00:00:00,NULL,138,NULL,admin,NULL,NULL,NULL
1582569,西葫芦,1186,蔬菜,NULL,,2.0,2.4,2.2,鲁,箱,斤,2024-03-09 00:00:00,NULL,138,NULL,admin,NULL,NULL,NULL
1582568,贝贝南瓜,1186,蔬菜,NULL,,2.2,2.7,2.45,蒙,,斤,2024-03-09 00:00:00,NULL,138,NULL,admin,NULL,NULL,NULL
1582567,金丝南瓜,1186,蔬菜,NULL,,2.0,2.1,2.05,蒙,,斤,2024-03-09 00:00:00,NULL,138,NULL,admin,NULL,NULL,NULL
1582566,板栗南瓜,1186,蔬菜,NULL,,1.5,2.5,2.0,蒙新,,斤,2024-03-09 00:00:00,NULL,138,NULL,admin,NULL,NULL,NULL
1582565,南北瓜,1186,蔬菜,NULL,,1.0,1.7,1.35,鄂川云,,斤,2024-03-09 00:00:00,NULL,138,NULL,admin,NULL,NULL,NULL
1582564,尖椒,1186,蔬菜,NULL,,2.0,4.0,3.0,冀辽鲁粤,袋\箱,斤,2024-03-09 00:00:00,NULL,138,NULL,admin,NULL,NULL,NULL
1582563,红尖椒,1186,蔬菜,NULL,,3.0,4.0,3.5,鲁皖,,斤,2024-03-09 00:00:00,NULL,138,NULL,admin,NULL,NULL,NULL
1582562,美人椒,1186,蔬菜,NULL,,5.0,6.0,5.5,鲁云,,斤,2024-03-09 00:00:00,NULL,138,NULL,admin,NULL,NULL,NULL
1582561,螺丝椒,1186,蔬菜,NULL,,3.0,5.5,4.25,鲁辽,,斤,2024-03-09 00:00:00,NULL,138,NULL,admin,NULL,NULL,NULL
1582560,柿子椒,1186,蔬菜,NULL,,2.8,3.7,3.25,鲁辽,袋\箱,斤,2024-03-09 00:00:00,NULL,138,NULL,admin,NULL,NULL,NULL
1582559,线椒,1186,蔬菜,NULL,,3.0,4.5,3.75,鲁,新,斤,2024-03-09 00:00:00,NULL,138,NULL,admin,NULL,NULL,NULL
1582558,杭椒,1186,蔬菜,NULL,,3.5,5.0,4.25,鲁冀,,斤,2024-03-09 00:00:00,NULL,138,NULL,admin,NULL,NULL,NULL
1582557,小米椒,1186,蔬菜,NULL,,6.0,7.0,6.5,云,,斤,2024-03-09 00:00:00,NULL,138,NULL,admin,NULL,NULL,NULL
1582556,彩椒,1186,蔬菜,NULL,,9.0,12.0,10.5,鲁,红\黄,斤,2024-03-09 00:00:00,NULL,138,NULL,admin,NULL,NULL,NULL
1582555,白萝卜,1186,蔬菜,NULL,,0.6,0.8,0.7,鄂川,,斤,2024-03-09 00:00:00,NULL,138,NULL,admin,NULL,NULL,NULL
1582554,心里美,1186,蔬菜,NULL,,0.9,1.0,0.95,冀,泥\洗,斤,2024-03-09 00:00:00,NULL,138,NULL,admin,NULL,NULL,NULL
1582553,卞萝卜,1186,蔬菜,NULL,,0.4,0.6,0.5,冀,洗,斤,2024-03-09 00:00:00,NULL,138,NULL,admin,NULL,NULL,NULL
1582552,青萝卜,1186,蔬菜,NULL,,0.6,1.4,1.0,冀豫津,存\新,斤,2024-03-09 00:00:00,NULL,138,NULL,admin,NULL,NULL,NULL
1582551,胡萝卜,1186,蔬菜,NULL,,0.6,1.05,0.83,鲁豫,泥,斤,2024-03-09 00:00:00,NULL,138,NULL,admin,NULL,NULL,NULL
1582550,胡萝卜,1186,蔬菜,NULL,,0.7,0.9,0.8,鲁豫,洗,斤,2024-03-09 00:00:00,NULL,138,NULL,admin,NULL,NULL,NULL
1582549,土豆,1186,蔬菜,NULL,,0.8,1.35,1.08,冀蒙陕,老,斤,2024-03-09 00:00:00,NULL,138,NULL,admin,NULL,NULL,NULL
1582548,土豆,1186,蔬菜,NULL,,1.3,2.0,1.65,云桂,新,斤,2024-03-09 00:00:00,NULL,138,NULL,admin,NULL,NULL,NULL
1582547,葱头,1186,蔬菜,NULL,,1.4,1.5,1.45,甘蒙,黄,斤,2024-03-09 00:00:00,NULL,138,NULL,admin,NULL,NULL,NULL
1582546,葱头,1186,蔬菜,NULL,,1.8,2.0,1.9,甘蒙,红,斤,2024-03-09 00:00:00,NULL,138,NULL,admin,NULL,NULL,NULL
1582545,山药,1186,蔬菜,NULL,,3.5,4.0,3.75,豫鲁,脆,斤,2024-03-09 00:00:00,NULL,138,NULL,admin,NULL,NULL,NULL
1582544,山药,1186,蔬菜,NULL,,4.5,5.5,5.0,冀,麻,斤,2024-03-09 00:00:00,NULL,138,NULL,admin,NULL,NULL,NULL
1582543,山药,1186,蔬菜,NULL,,5.0,8.0,6.5,豫冀,铁棍,斤,2024-03-09 00:00:00,NULL,138,NULL,admin,NULL,NULL,NULL
1582542,莲藕,1186,蔬菜,NULL,,4.0,4.5,4.25,苏津,泥\洗,斤,2024-03-09 00:00:00,NULL,138,NULL,admin,NULL,NULL,NULL
1582541,红薯,1186,蔬菜,NULL,,0.8,1.2,1.0,冀,龙薯九,斤,2024-03-09 00:00:00,NULL,138,NULL,admin,NULL,NULL,NULL
1582540,红薯,1186,蔬菜,NULL,,1.2,1.8,1.5,粤,西瓜红\烟薯,斤,2024-03-09 00:00:00,NULL,138,NULL,admin,NULL,NULL,NULL
1582539,紫薯,1186,蔬菜,NULL,,1.5,3.5,2.5,冀,,斤,2024-03-09 00:00:00,NULL,138,NULL,admin,NULL,NULL,NULL
1582538,荸荠,1186,蔬菜,NULL,,2.8,3.0,2.9,皖,,斤,2024-03-09 00:00:00,NULL,138,NULL,admin,NULL,NULL,NULL
1582537,芋头,1186,蔬菜,NULL,,3.0,3.5,3.25,鲁,,斤,2024-03-09 00:00:00,NULL,138,NULL,admin,NULL,NULL,NULL
1582536,姜,1186,蔬菜,NULL,,2.5,3.0,2.75,鲁,姜头,斤,2024-03-09 00:00:00,NULL,138,NULL,admin,NULL,NULL,NULL
1582535,姜,1186,蔬菜,NULL,,5.0,6.0,5.5,鲁,整姜,斤,2024-03-09 00:00:00,NULL,138,NULL,admin,NULL,NULL,NULL
1582534,大蒜,1186,蔬菜,NULL,,4.5,7.5,6.0,豫苏鲁,,斤,2024-03-09 00:00:00,NULL,138,NULL,admin,NULL,NULL,NULL
1582533,蒜米,1186,蔬菜,NULL,,4.0,6.0,5.0,鲁,机剥\手工,斤,2024-03-09 00:00:00,NULL,138,NULL,admin,NULL,NULL,NULL
1582532,大葱,1186,蔬菜,NULL,,1.4,1.6,1.5,沪闽,,斤,2024-03-09 00:00:00,NULL,138,NULL,admin,NULL,NULL,NULL
1582531,小葱,1186,蔬菜,NULL,,2.5,4.5,3.5,冀鲁,,斤,2024-03-09 00:00:00,NULL,138,NULL,admin,NULL,NULL,NULL
1582530,蒜苗,1186,蔬菜,NULL,,3.0,8.0,5.5,鲁,,斤,2024-03-09 00:00:00,NULL,138,NULL,admin,NULL,NULL,NULL
1582529,蒜黄,1186,蔬菜,NULL,,6.0,6.5,6.25,冀,,斤,2024-03-09 00:00:00,NULL,138,NULL,admin,NULL,NULL,NULL
1582528,青蒜,1186,蔬菜,NULL,,4.0,4.5,4.25,川鲁,,斤,2024-03-09 00:00:00,NULL,138,NULL,admin,NULL,NULL,NULL
1582527,平菇,1186,蔬菜,NULL,,2.0,3.5,2.75,京,,斤,2024-03-09 00:00:00,NULL,138,NULL,admin,NULL,NULL,NULL
1582526,香菇,1186,蔬菜,NULL,,3.5,7.0,5.25,冀,,斤,2024-03-09 00:00:00,NULL,138,NULL,admin,NULL,NULL,NULL
1582525,白玉菇,1186,蔬菜,NULL,,3.0,4.0,3.5,冀豫京,,斤,2024-03-09 00:00:00,NULL,138,NULL,admin,NULL,NULL,NULL
1582524,口蘑,1186,蔬菜,NULL,,7.5,8.0,7.75,冀闽,,斤,2024-03-09 00:00:00,NULL,138,NULL,admin,NULL,NULL,NULL
1582523,杏鲍菇,1186,蔬菜,NULL,,2.5,4.0,3.25,苏豫津,,斤,2024-03-09 00:00:00,NULL,138,NULL,admin,NULL,NULL,NULL
1582522,金针菇,1186,蔬菜,NULL,,2.0,2.6,2.3,辽鲁京,,斤,2024-03-09 00:00:00,NULL,138,NULL,admin,NULL,NULL,NULL
1582521,椰青,1187,水果,1211,其他类,7.0,8.0,7.5,,,个,2024-03-09 00:00:00,NULL,138,NULL,admin,NULL,NULL,NULL
1582520,菠萝,1187,水果,1211,其他类,1.6,2.2,1.9,,箱装（上六下六）,斤,2024-03-09 00:00:00,NULL,138,NULL,admin,NULL,NULL,NULL
1582519,凤梨,1187,水果,1211,其他类,5.0,6.0,5.5,国产,,斤,2024-03-09 00:00:00,NULL,138,NULL,admin,NULL,NULL,NULL
1582518,圣女果,1187,水果,1211,其他类,4.0,6.0,5.0,,千禧,斤,2024-03-09 00:00:00,NULL,138,NULL,admin,NULL,NULL,NULL
1582517,百香果,1187,水果,1211,其他类,7.0,8.0,7.5,,,斤,2024-03-09 00:00:00,NULL,138,NULL,admin,NULL,NULL,NULL
1582516,黑枣,1187,水果,1211,其他类,8.0,11.0,9.5,,,斤,2024-03-09 00:00:00,NULL,138,NULL,admin,NULL,NULL,NULL
1582515,九九草莓,1187,水果,1211,其他类,11.0,15.0,13.0,,,斤,2024-03-09 00:00:00,NULL,138,NULL,admin,NULL,NULL,NULL
1582514,红颜草莓,1187,水果,1211,其他类,5.0,12.0,8.5,,,斤,2024-03-09 00:00:00,NULL,138,NULL,admin,NULL,NULL,NULL
1582513,蓝莓,1187,水果,1211,其他类,60.0,90.0,75.0,,,斤,2024-03-09 00:00:00,NULL,138,NULL,admin,NULL,NULL,NULL
1582512,火龙果,1187,水果,1211,其他类,4.0,7.0,5.5,,红,斤,2024-03-09 00:00:00,NULL,138,NULL,admin,NULL,NULL,NULL
1582511,火龙果,1187,水果,1211,其他类,3.4,5.0,4.2,,白,斤,2024-03-09 00:00:00,NULL,138,NULL,admin,NULL,NULL,NULL
1582510,木瓜,1187,水果,1211,其他类,4.5,5.0,4.75,,,斤,2024-03-09 00:00:00,NULL,138,NULL,admin,NULL,NULL,NULL
1582509,柿饼,1187,水果,1211,其他类,5.0,9.0,7.0,,,斤,2024-03-09 00:00:00,NULL,138,NULL,admin,NULL,NULL,NULL
1582508,桑葚,1187,水果,1211,其他类,7.0,8.0,7.5,,,斤,2024-03-09 00:00:00,NULL,138,NULL,admin,NULL,NULL,NULL
1582507,甘蔗,1187,水果,1211,其他类,1.7,1.9,1.8,,,斤,2024-03-09 00:00:00,NULL,138,NULL,admin,NULL,NULL,NULL
1582506,柠檬,1187,水果,1211,其他类,4.0,5.0,4.5,,,斤,2024-03-09 00:00:00,NULL,138,NULL,admin,NULL,NULL,NULL
1582505,石榴,1187,水果,1211,其他类,4.5,7.0,5.75,,,斤,2024-03-09 00:00:00,NULL,138,NULL,admin,NULL,NULL,NULL
1582504,山楂,1187,水果,1211,其他类,5.0,7.0,6.0,,小金星,斤,2024-03-09 00:00:00,NULL,138,NULL,admin,NULL,NULL,NULL
1582503,山楂,1187,水果,1211,其他类,4.0,6.0,5.0,,普通,斤,2024-03-09 00:00:00,NULL,138,NULL,admin,NULL,NULL,NULL
1582502,姑娘果（灯笼果）,1187,水果,1211,其他类,12.0,18.0,15.0,,,斤,2024-03-09 00:00:00,NULL,138,NULL,admin,NULL,NULL,NULL
1582501,鸭梨,1187,水果,NULL,梨类,1.8,2.0,1.9,,,斤,2024-03-09 00:00:00,NULL,138,NULL,admin,NULL,NULL,NULL
1582500,雪花梨,1187,水果,NULL,梨类,1.8,1.9,1.85,,,斤,2024-03-09 00:00:00,NULL,138,NULL,admin,NULL,NULL,NULL
1582499,皇冠梨,1187,水果,NULL,梨类,2.4,2.6,2.5,,纸箱,斤,2024-03-09 00:00:00,NULL,138,NULL,admin,NULL,NULL,NULL
1582498,南果梨,1187,水果,NULL,梨类,3.5,7.5,5.5,,,斤,2024-03-09 00:00:00,NULL,138,NULL,admin,NULL,NULL,NULL
1582497,丰水梨,1187,水果,NULL,梨类,2.75,3.1,2.93,,,斤,2024-03-09 00:00:00,NULL,138,NULL,admin,NULL,NULL,NULL
1582496,酥梨,1187,水果,NULL,梨类,2.5,2.7,2.6,,,斤,2024-03-09 00:00:00,NULL,138,NULL,admin,NULL,NULL,NULL
1582495,红啤梨,1187,水果,NULL,梨类,4.8,5.0,4.9,,,斤,2024-03-09 00:00:00,NULL,138,NULL,admin,NULL,NULL,NULL
1582494,红香酥梨,1187,水果,NULL,梨类,1.4,1.7,1.55,,,斤,2024-03-09 00:00:00,NULL,138,NULL,admin,NULL,NULL,NULL
1582493,玉露香梨,1187,水果,NULL,梨类,2.8,3.0,2.9,,,斤,2024-03-09 00:00:00,NULL,138,NULL,admin,NULL,NULL,NULL
1582492,贵妃梨,1187,水果,NULL,梨类,1.7,1.8,1.75,,,斤,2024-03-09 00:00:00,NULL,138,NULL,admin,NULL,NULL,NULL
1582491,秋月梨,1187,水果,NULL,梨类,3.8,4.5,4.15,,,斤,2024-03-09 00:00:00,NULL,138,NULL,admin,NULL,NULL,NULL
1582490,库尔勒香梨,1187,水果,NULL,梨类,3.0,6.0,4.5,,,斤,2024-03-09 00:00:00,NULL,138,NULL,admin,NULL,NULL,NULL
1582489,砂糖橘,1187,水果,NULL,柑橘类,3.0,6.0,4.5,,,斤,2024-03-09 00:00:00,NULL,138,NULL,admin,NULL,NULL,NULL
1582488,丑橘,1187,水果,NULL,柑橘类,3.0,3.5,3.25,,,斤,2024-03-09 00:00:00,NULL,138,NULL,admin,NULL,NULL,NULL
1582487,爱媛,1187,水果,NULL,柑橘类,3.0,5.0,4.0,,,斤,2024-03-09 00:00:00,NULL,138,NULL,admin,NULL,NULL,NULL
1582486,赣南脐橙,1187,水果,NULL,柑橘类,2.2,3.5,2.85,,Ф65-Ф95,斤,2024-03-09 00:00:00,NULL,138,NULL,admin,NULL,NULL,NULL
1582485,血橙,1187,水果,NULL,柑橘类,1.8,2.8,2.3,,二月红,斤,2024-03-09 00:00:00,NULL,138,NULL,admin,NULL,NULL,NULL
1582484,沃柑,1187,水果,NULL,柑橘类,3.0,4.0,3.5,,,斤,2024-03-09 00:00:00,NULL,138,NULL,admin,NULL,NULL,NULL
1582483,耙耙柑,1187,水果,NULL,柑橘类,3.0,4.5,3.75,,,斤,2024-03-09 00:00:00,NULL,138,NULL,admin,NULL,NULL,NULL
1582482,芦柑,1187,水果,NULL,柑橘类,1.5,2.5,2.0,,,斤,2024-03-09 00:00:00,NULL,138,NULL,admin,NULL,NULL,NULL
1582481,金桔,1187,水果,NULL,柑橘类,3.0,9.0,6.0,,,斤,2024-03-09 00:00:00,NULL,138,NULL,admin,NULL,NULL,NULL
1582480,红心蜜柚,1187,水果,NULL,柑橘类,1.6,3.0,2.3,,,斤,2024-03-09 00:00:00,NULL,138,NULL,admin,NULL,NULL,NULL
1582479,葡萄柚,1187,水果,NULL,柑橘类,2.0,2.5,2.25,,,斤,2024-03-09 00:00:00,NULL,138,NULL,admin,NULL,NULL,NULL
1582478,猕猴桃,1187,水果,NULL,桃李杏类,5.5,8.0,6.75,,翠香,斤,2024-03-09 00:00:00,NULL,138,NULL,admin,NULL,NULL,NULL
1582477,猕猴桃,1187,水果,NULL,桃李杏类,2.6,5.0,3.8,,徐香,斤,2024-03-09 00:00:00,NULL,138,NULL,admin,NULL,NULL,NULL
1582476,猕猴桃,1187,水果,NULL,桃李杏类,2.8,4.0,3.4,,海沃德,斤,2024-03-09 00:00:00,NULL,138,NULL,admin,NULL,NULL,NULL
1582475,无籽小号-大号,1187,水果,NULL,西瓜类,1.9,2.0,1.95,,甜蜜蜜,斤,2024-03-09 00:00:00,NULL,138,NULL,admin,NULL,NULL,NULL
1582474,麒麟,1187,水果,NULL,西瓜类,4.0,5.0,4.5,,甜蜜蜜,斤,2024-03-09 00:00:00,NULL,138,NULL,admin,NULL,NULL,NULL
1582473,黑美人,1187,水果,NULL,西瓜类,1.9,2.1,2.0,,,斤,2024-03-09 00:00:00,NULL,138,NULL,admin,NULL,NULL,NULL
1582472,特小凤,1187,水果,NULL,西瓜类,2.5,3.5,3.0,,,斤,2024-03-09 00:00:00,NULL,138,NULL,admin,NULL,NULL,NULL
1582471,甜王,1187,水果,NULL,西瓜类,2.0,2.2,2.1,,,斤,2024-03-09 00:00:00,NULL,138,NULL,admin,NULL,NULL,NULL
1582470,国产香蕉,1187,水果,NULL,香蕉类,2.6,3.2,2.9,,,斤,2024-03-09 00:00:00,NULL,138,NULL,admin,NULL,NULL,NULL
1582469,进口香蕉,1187,水果,NULL,香蕉类,3.3,4.2,3.75,,菲律宾、老挝,斤,2024-03-09 00:00:00,NULL,138,NULL,admin,NULL,NULL,NULL
1582468,泰国香蕉,1187,水果,NULL,香蕉类,10.0,10.5,10.25,,帝王蕉,斤,2024-03-09 00:00:00,NULL,138,NULL,admin,NULL,NULL,NULL
1582467,晓蜜25号,1187,水果,NULL,甜瓜类,2.6,3.0,2.8,,,斤,2024-03-09 00:00:00,NULL,138,NULL,admin,NULL,NULL,NULL
1582466,玉菇,1187,水果,NULL,甜瓜类,2.6,2.8,2.7,,奶香蜜,斤,2024-03-09 00:00:00,NULL,138,NULL,admin,NULL,NULL,NULL
1582465,网纹,1187,水果,NULL,甜瓜类,5.5,6.5,6.0,,,斤,2024-03-09 00:00:00,NULL,138,NULL,admin,NULL,NULL,NULL
1582464,羊角蜜,1187,水果,NULL,甜瓜类,7.0,7.5,7.25,,六一,斤,2024-03-09 00:00:00,NULL,138,NULL,admin,NULL,NULL,NULL
1582463,绿宝甜瓜,1187,水果,NULL,甜瓜类,7.0,7.5,7.25,,,斤,2024-03-09 00:00:00,NULL,138,NULL,admin,NULL,NULL,NULL
1582462,博阳,1187,水果,NULL,甜瓜类,7.0,7.5,7.25,,系列,斤,2024-03-09 00:00:00,NULL,138,NULL,admin,NULL,NULL,NULL
1582461,富士,1187,水果,NULL,苹果类,2.8,3.6,3.2,,纸袋Φ70-84,斤,2024-03-09 00:00:00,NULL,138,NULL,admin,NULL,NULL,NULL
1582460,富士,1187,水果,NULL,苹果类,4.0,5.0,4.5,,纸袋Φ85以上,斤,2024-03-09 00:00:00,NULL,138,NULL,admin,NULL,NULL,NULL
1582459,富士,1187,水果,NULL,苹果类,2.2,2.8,2.5,,纸+膜袋,斤,2024-03-09 00:00:00,NULL,138,NULL,admin,NULL,NULL,NULL
1582458,黄元帅,1187,水果,NULL,苹果类,2.8,3.8,3.3,,,斤,2024-03-09 00:00:00,NULL,138,NULL,admin,NULL,NULL,NULL
1582457,花牛,1187,水果,NULL,苹果类,2.0,4.0,3.0,,,斤,2024-03-09 00:00:00,NULL,138,NULL,admin,NULL,NULL,NULL
1582456,阿克苏,1187,水果,NULL,苹果类,5.5,6.0,5.75,新疆,冰糖心,斤,2024-03-09 00:00:00,NULL,138,NULL,admin,NULL,NULL,NULL
1582455,国光,1187,水果,NULL,苹果类,2.5,2.8,2.65,,,斤,2024-03-09 00:00:00,NULL,138,NULL,admin,NULL,NULL,NULL
1582454,寒富苹果,1187,水果,NULL,苹果类,2.2,2.8,2.5,辽宁,,斤,2024-03-09 00:00:00,NULL,138,NULL,admin,NULL,NULL,NULL
1582453,阳光玫瑰,1187,水果,NULL,葡萄类,12.0,23.0,17.5,,,斤,2024-03-09 00:00:00,NULL,138,NULL,admin,NULL,NULL,NULL
1582452,红提,1187,水果,NULL,葡萄类,8.0,12.0,10.0,,,斤,2024-03-09 00:00:00,NULL,138,NULL,admin,NULL,NULL,NULL
1582451,克伦生,1187,水果,NULL,葡萄类,9.0,13.0,11.0,,,斤,2024-03-09 00:00:00,NULL,138,NULL,admin,NULL,NULL,NULL
1582450,红宝石,1187,水果,NULL,葡萄类,6.5,8.5,7.5,,,斤,2024-03-09 00:00:00,NULL,138,NULL,admin,NULL,NULL,NULL
1582449,巨峰,1187,水果,NULL,葡萄类,4.0,4.5,4.25,,,斤,2024-03-09 00:00:00,NULL,138,NULL,admin,NULL,NULL,NULL
1582448,辽峰,1187,水果,NULL,葡萄类,9.0,13.0,11.0,,,斤,2024-03-09 00:00:00,NULL,138,NULL,admin,NULL,NULL,NULL
1582447,台农,1187,水果,NULL,芒果类,7.0,7.5,7.25,,小,斤,2024-03-09 00:00:00,NULL,138,NULL,admin,NULL,NULL,NULL
1582446,台农,1187,水果,NULL,芒果类,8.5,9.0,8.75,,大,斤,2024-03-09 00:00:00,NULL,138,NULL,admin,NULL,NULL,NULL
1582445,玉纹,1187,水果,NULL,芒果类,12.0,13.0,12.5,,,斤,2024-03-09 00:00:00,NULL,138,NULL,admin,NULL,NULL,NULL
1582444,青皮,1187,水果,NULL,芒果类,6.0,6.5,6.25,,,斤,2024-03-09 00:00:00,NULL,138,NULL,admin,NULL,NULL,NULL
1582443,澳芒,1187,水果,NULL,芒果类,13.0,13.5,13.25,,,斤,2024-03-09 00:00:00,NULL,138,NULL,admin,NULL,NULL,NULL
1582442,高乐蜜,1187,水果,NULL,芒果类,6.0,6.5,6.25,,,斤,2024-03-09 00:00:00,NULL,138,NULL,admin,NULL,NULL,NULL
1582441,水仙芒果,1187,水果,NULL,芒果类,8.0,8.5,8.25,,,斤,2024-03-09 00:00:00,NULL,138,NULL,admin,NULL,NULL,NULL
1582440,美早,1187,水果,NULL,樱桃类,60.0,130.0,95.0,,,斤,2024-03-09 00:00:00,NULL,138,NULL,admin,NULL,NULL,NULL
1582439,白条猪,1189,肉禽蛋,1205,猪肉类,9.25,9.25,9.25,,瘦,斤,2024-03-09 00:00:00,NULL,138,NULL,admin,NULL,NULL,NULL
1582438,白条猪,1189,肉禽蛋,1205,猪肉类,8.0,8.0,8.0,,肥,斤,2024-03-09 00:00:00,NULL,138,NULL,admin,NULL,NULL,NULL
1582437,前臀尖,1189,肉禽蛋,1205,猪肉类,8.5,8.5,8.5,,瘦,斤,2024-03-09 00:00:00,NULL,138,NULL,admin,NULL,NULL,NULL
1582436,前臀尖,1189,肉禽蛋,1205,猪肉类,8.0,8.0,8.0,,肥,斤,2024-03-09 00:00:00,NULL,138,NULL,admin,NULL,NULL,NULL
1582435,后臀尖,1189,肉禽蛋,1205,猪肉类,8.5,8.5,8.5,,瘦,斤,2024-03-09 00:00:00,NULL,138,NULL,admin,NULL,NULL,NULL
1582434,后臀尖,1189,肉禽蛋,1205,猪肉类,8.0,8.0,8.0,,肥,斤,2024-03-09 00:00:00,NULL,138,NULL,admin,NULL,NULL,NULL
1582433,五花肉,1189,肉禽蛋,1205,猪肉类,11.5,12.0,11.75,,瘦,斤,2024-03-09 00:00:00,NULL,138,NULL,admin,NULL,NULL,NULL
1582432,五花肉,1189,肉禽蛋,1205,猪肉类,10.5,11.5,11.0,,肥,斤,2024-03-09 00:00:00,NULL,138,NULL,admin,NULL,NULL,NULL
1582431,五花头,1189,肉禽蛋,1205,猪肉类,8.5,9.0,8.75,,,斤,2024-03-09 00:00:00,NULL,138,NULL,admin,NULL,NULL,NULL
1582430,纯通脊,1189,肉禽蛋,1205,猪肉类,11.0,12.0,11.5,,,斤,2024-03-09 00:00:00,NULL,138,NULL,admin,NULL,NULL,NULL
1582429,通脊,1189,肉禽蛋,1205,猪肉类,8.5,9.0,8.75,,带皮,斤,2024-03-09 00:00:00,NULL,138,NULL,admin,NULL,NULL,NULL
1582428,小里脊,1189,肉禽蛋,1205,猪肉类,12.5,13.0,12.75,,,斤,2024-03-09 00:00:00,NULL,138,NULL,admin,NULL,NULL,NULL
1582427,梅花肉,1189,肉禽蛋,1205,猪肉类,10.5,11.0,10.75,,,斤,2024-03-09 00:00:00,NULL,138,NULL,admin,NULL,NULL,NULL
1582426,纯瘦肉,1189,肉禽蛋,1205,猪肉类,9.0,10.0,9.5,,,斤,2024-03-09 00:00:00,NULL,138,NULL,admin,NULL,NULL,NULL
1582425,护心肉,1189,肉禽蛋,1205,猪肉类,16.0,17.0,16.5,,鲜,斤,2024-03-09 00:00:00,NULL,138,NULL,admin,NULL,NULL,NULL
1582424,前肘,1189,肉禽蛋,1205,猪肉类,7.5,8.5,8.0,,,斤,2024-03-09 00:00:00,NULL,138,NULL,admin,NULL,NULL,NULL
1582423,后肘,1189,肉禽蛋,1205,猪肉类,6.2,7.0,6.6,,,斤,2024-03-09 00:00:00,NULL,138,NULL,admin,NULL,NULL,NULL
1582422,月牙骨,1189,肉禽蛋,1205,猪肉类,17.0,20.0,18.5,,,斤,2024-03-09 00:00:00,NULL,138,NULL,admin,NULL,NULL,NULL
1582421,猪尾巴,1189,肉禽蛋,1205,猪肉类,45.0,50.0,47.5,,,斤,2024-03-09 00:00:00,NULL,138,NULL,admin,NULL,NULL,NULL
1582420,猪蹄,1189,肉禽蛋,1205,猪肉类,17.0,19.0,18.0,,,斤,2024-03-09 00:00:00,NULL,138,NULL,admin,NULL,NULL,NULL
1582419,纯排骨,1189,肉禽蛋,1205,猪肉类,17.0,20.0,18.5,,,斤,2024-03-09 00:00:00,NULL,138,NULL,admin,NULL,NULL,NULL
1582418,纯腔骨,1189,肉禽蛋,1205,猪肉类,6.5,8.0,7.25,,,斤,2024-03-09 00:00:00,NULL,138,NULL,admin,NULL,NULL,NULL
1582417,腔排骨,1189,肉禽蛋,1205,猪肉类,11.5,12.5,12.0,,,斤,2024-03-09 00:00:00,NULL,138,NULL,admin,NULL,NULL,NULL
1582416,梅花骨,1189,肉禽蛋,1205,猪肉类,8.0,9.0,8.5,,,斤,2024-03-09 00:00:00,NULL,138,NULL,admin,NULL,NULL,NULL
1582415,棒骨,1189,肉禽蛋,1205,猪肉类,7.5,8.5,8.0,,,斤,2024-03-09 00:00:00,NULL,138,NULL,admin,NULL,NULL,NULL
1582414,猪头,1189,肉禽蛋,1205,猪肉类,8.5,8.5,8.5,,,斤,2024-03-09 00:00:00,NULL,138,NULL,admin,NULL,NULL,NULL
1582413,猪口条,1189,肉禽蛋,1205,猪肉类,14.0,14.0,14.0,,,斤,2024-03-09 00:00:00,NULL,138,NULL,admin,NULL,NULL,NULL
1582412,猪耳,1189,肉禽蛋,1205,猪肉类,25.0,25.0,25.0,,,斤,2024-03-09 00:00:00,NULL,138,NULL,admin,NULL,NULL,NULL
1582411,猪脑,1189,肉禽蛋,1205,猪肉类,20.0,22.0,21.0,,,斤,2024-03-09 00:00:00,NULL,138,NULL,admin,NULL,NULL,NULL
1582410,猪肚,1189,肉禽蛋,1205,猪肉类,24.0,25.0,24.5,,,斤,2024-03-09 00:00:00,NULL,138,NULL,admin,NULL,NULL,NULL
1582409,猪板油,1189,肉禽蛋,1205,猪肉类,5.0,6.0,5.5,,,斤,2024-03-09 00:00:00,NULL,138,NULL,admin,NULL,NULL,NULL
1582408,肥膘肉,1189,肉禽蛋,1205,猪肉类,3.0,5.0,4.0,,,斤,2024-03-09 00:00:00,NULL,138,NULL,admin,NULL,NULL,NULL
1582407,猪腰子,1189,肉禽蛋,1205,猪肉类,23.0,24.0,23.5,,,斤,2024-03-09 00:00:00,NULL,138,NULL,admin,NULL,NULL,NULL
1582406,猪心,1189,肉禽蛋,1205,猪肉类,8.0,8.0,8.0,,,斤,2024-03-09 00:00:00,NULL,138,NULL,admin,NULL,NULL,NULL
1582405,猪肝,1189,肉禽蛋,1205,猪肉类,4.0,5.0,4.5,,,斤,2024-03-09 00:00:00,NULL,138,NULL,admin,NULL,NULL,NULL
1582404,猪肺,1189,肉禽蛋,1205,猪肉类,3.5,4.0,3.75,,,个,2024-03-09 00:00:00,NULL,138,NULL,admin,NULL,NULL,NULL
1582403,猪皮,1189,肉禽蛋,1205,猪肉类,4.0,5.0,4.5,,,斤,2024-03-09 00:00:00,NULL,138,NULL,admin,NULL,NULL,NULL
1582402,猪肠头,1189,肉禽蛋,1205,猪肉类,20.0,20.0,20.0,,,斤,2024-03-09 00:00:00,NULL,138,NULL,admin,NULL,NULL,NULL
1582401,猪肠,1189,肉禽蛋,1205,猪肉类,18.0,18.0,18.0,,,斤,2024-03-09 00:00:00,NULL,138,NULL,admin,NULL,NULL,NULL
1582400,整牛,1189,肉禽蛋,1206,牛肉类,25.5,26.0,25.75,,,斤,2024-03-09 00:00:00,NULL,138,NULL,admin,NULL,NULL,NULL
1582399,牛前腱,1189,肉禽蛋,1206,牛肉类,31.0,33.0,32.0,,,斤,2024-03-09 00:00:00,NULL,138,NULL,admin,NULL,NULL,NULL
1582398,牛后腱,1189,肉禽蛋,1206,牛肉类,31.0,32.0,31.5,,,斤,2024-03-09 00:00:00,NULL,138,NULL,admin,NULL,NULL,NULL
1582397,牛前腿,1189,肉禽蛋,1206,牛肉类,27.0,28.0,27.5,,,斤,2024-03-09 00:00:00,NULL,138,NULL,admin,NULL,NULL,NULL
1582396,牛后腿,1189,肉禽蛋,1206,牛肉类,27.0,28.0,27.5,,,斤,2024-03-09 00:00:00,NULL,138,NULL,admin,NULL,NULL,NULL
1582395,牛腰窝,1189,肉禽蛋,1206,牛肉类,29.0,30.0,29.5,,,斤,2024-03-09 00:00:00,NULL,138,NULL,admin,NULL,NULL,NULL
1582394,肥牛,1189,肉禽蛋,1206,牛肉类,28.0,35.0,31.5,,,斤,2024-03-09 00:00:00,NULL,138,NULL,admin,NULL,NULL,NULL
1582393,牛柳,1189,肉禽蛋,1206,牛肉类,33.0,34.0,33.5,,里脊,斤,2024-03-09 00:00:00,NULL,138,NULL,admin,NULL,NULL,NULL
1582392,精牛柳,1189,肉禽蛋,1206,牛肉类,35.0,35.0,35.0,,,斤,2024-03-09 00:00:00,NULL,138,NULL,admin,NULL,NULL,NULL
1582391,牛腩,1189,肉禽蛋,1206,牛肉类,27.0,28.0,27.5,,,斤,2024-03-09 00:00:00,NULL,138,NULL,admin,NULL,NULL,NULL
1582390,牛林,1189,肉禽蛋,1206,牛肉类,27.0,27.0,27.0,,,斤,2024-03-09 00:00:00,NULL,138,NULL,admin,NULL,NULL,NULL
1582389,牛金钱腱,1189,肉禽蛋,1206,牛肉类,48.0,50.0,49.0,,,斤,2024-03-09 00:00:00,NULL,138,NULL,admin,NULL,NULL,NULL
1582388,牛筋头巴脑,1189,肉禽蛋,1206,牛肉类,23.0,25.0,24.0,,,斤,2024-03-09 00:00:00,NULL,138,NULL,admin,NULL,NULL,NULL
1582387,牛宝,1189,肉禽蛋,1206,牛肉类,18.0,18.0,18.0,,,斤,2024-03-09 00:00:00,NULL,138,NULL,admin,NULL,NULL,NULL
1582386,牛鞭,1189,肉禽蛋,1206,牛肉类,65.0,70.0,67.5,,,斤,2024-03-09 00:00:00,NULL,138,NULL,admin,NULL,NULL,NULL
1582385,牛油,1189,肉禽蛋,1206,牛肉类,5.0,5.5,5.25,,,斤,2024-03-09 00:00:00,NULL,138,NULL,admin,NULL,NULL,NULL
1582384,牛心,1189,肉禽蛋,1206,牛肉类,7.0,8.0,7.5,,,斤,2024-03-09 00:00:00,NULL,138,NULL,admin,NULL,NULL,NULL
1582383,牛舌,1189,肉禽蛋,1206,牛肉类,27.0,29.0,28.0,,,斤,2024-03-09 00:00:00,NULL,138,NULL,admin,NULL,NULL,NULL
1582382,牛骨,1189,肉禽蛋,1206,牛肉类,4.5,5.0,4.75,,,斤,2024-03-09 00:00:00,NULL,138,NULL,admin,NULL,NULL,NULL
1582381,牛排骨,1189,肉禽蛋,1206,牛肉类,29.0,30.0,29.5,,,斤,2024-03-09 00:00:00,NULL,138,NULL,admin,NULL,NULL,NULL
1582380,牛蹄筋,1189,肉禽蛋,1206,牛肉类,24.0,25.0,24.5,,,斤,2024-03-09 00:00:00,NULL,138,NULL,admin,NULL,NULL,NULL
1582379,牛板筋,1189,肉禽蛋,1206,牛肉类,30.0,30.0,30.0,,,斤,2024-03-09 00:00:00,NULL,138,NULL,admin,NULL,NULL,NULL
1582378,牛心管,1189,肉禽蛋,1206,牛肉类,40.0,40.0,40.0,,,斤,2024-03-09 00:00:00,NULL,138,NULL,admin,NULL,NULL,NULL
1582377,牛肚,1189,肉禽蛋,1206,牛肉类,17.0,20.0,18.5,,,斤,2024-03-09 00:00:00,NULL,138,NULL,admin,NULL,NULL,NULL
1582376,牛腰子,1189,肉禽蛋,1206,牛肉类,8.0,10.0,9.0,,,斤,2024-03-09 00:00:00,NULL,138,NULL,admin,NULL,NULL,NULL
1582375,牛尾,1189,肉禽蛋,1206,牛肉类,28.0,32.0,30.0,,,斤,2024-03-09 00:00:00,NULL,138,NULL,admin,NULL,NULL,NULL
1582374,牛百叶,1189,肉禽蛋,1206,牛肉类,38.0,40.0,39.0,,,斤,2024-03-09 00:00:00,NULL,138,NULL,admin,NULL,NULL,NULL
1582373,牛上脑,1189,肉禽蛋,1206,牛肉类,27.0,28.0,27.5,,,斤,2024-03-09 00:00:00,NULL,138,NULL,admin,NULL,NULL,NULL
1582372,整羊,1189,肉禽蛋,1207,羊肉类,22.0,23.0,22.5,,,斤,2024-03-09 00:00:00,NULL,138,NULL,admin,NULL,NULL,NULL
1582371,去骨羊前腿,1189,肉禽蛋,1207,羊肉类,32.0,33.0,32.5,,,斤,2024-03-09 00:00:00,NULL,138,NULL,admin,NULL,NULL,NULL
1582370,去骨羊后腿,1189,肉禽蛋,1207,羊肉类,34.0,35.0,34.5,,,斤,2024-03-09 00:00:00,NULL,138,NULL,admin,NULL,NULL,NULL
1582369,羊腰窝,1189,肉禽蛋,1207,羊肉类,31.0,32.0,31.5,,,斤,2024-03-09 00:00:00,NULL,138,NULL,admin,NULL,NULL,NULL
1582368,羊肉片,1189,肉禽蛋,1207,羊肉类,28.0,35.0,31.5,,,斤,2024-03-09 00:00:00,NULL,138,NULL,admin,NULL,NULL,NULL
1582367,羊腰子,1189,肉禽蛋,1207,羊肉类,11.0,12.0,11.5,,挂油,个,2024-03-09 00:00:00,NULL,138,NULL,admin,NULL,NULL,NULL
1582366,羊蝎子,1189,肉禽蛋,1207,羊肉类,12.0,15.0,13.5,,普通,斤,2024-03-09 00:00:00,NULL,138,NULL,admin,NULL,NULL,NULL
1582365,羊蝎子,1189,肉禽蛋,1207,羊肉类,23.0,25.0,24.0,,精品,斤,2024-03-09 00:00:00,NULL,138,NULL,admin,NULL,NULL,NULL
1582364,羊排骨,1189,肉禽蛋,1207,羊肉类,23.0,24.0,23.5,,,斤,2024-03-09 00:00:00,NULL,138,NULL,admin,NULL,NULL,NULL
1582363,羊尾巴油,1189,肉禽蛋,1207,羊肉类,7.0,8.0,7.5,,,斤,2024-03-09 00:00:00,NULL,138,NULL,admin,NULL,NULL,NULL
1582362,羊小腿,1189,肉禽蛋,1207,羊肉类,20.0,20.0,20.0,,羊棒,斤,2024-03-09 00:00:00,NULL,138,NULL,admin,NULL,NULL,NULL
1582361,羊腱子肉,1189,肉禽蛋,1207,羊肉类,35.0,36.0,35.5,,,斤,2024-03-09 00:00:00,NULL,138,NULL,admin,NULL,NULL,NULL
1582360,羊蹄,1189,肉禽蛋,1207,羊肉类,15.0,15.0,15.0,,水褪,斤,2024-03-09 00:00:00,NULL,138,NULL,admin,NULL,NULL,NULL
1582359,羊头,1189,肉禽蛋,1207,羊肉类,13.0,13.0,13.0,,,斤,2024-03-09 00:00:00,NULL,138,NULL,admin,NULL,NULL,NULL
1582358,羊肝,1189,肉禽蛋,1207,羊肉类,6.5,7.0,6.75,,,斤,2024-03-09 00:00:00,NULL,138,NULL,admin,NULL,NULL,NULL
1582357,羊心,1189,肉禽蛋,1207,羊肉类,16.0,17.0,16.5,,,斤,2024-03-09 00:00:00,NULL,138,NULL,admin,NULL,NULL,NULL
1582356,羊肠,1189,肉禽蛋,1207,羊肉类,14.0,14.0,14.0,,,斤,2024-03-09 00:00:00,NULL,138,NULL,admin,NULL,NULL,NULL
1582355,羊肚,1189,肉禽蛋,1207,羊肉类,19.0,19.0,19.0,,,斤,2024-03-09 00:00:00,NULL,138,NULL,admin,NULL,NULL,NULL
1582354,羊鞭,1189,肉禽蛋,1207,羊肉类,70.0,70.0,70.0,,,斤,2024-03-09 00:00:00,NULL,138,NULL,admin,NULL,NULL,NULL
1582353,羊宝,1189,肉禽蛋,1207,羊肉类,30.0,30.0,30.0,,,斤,2024-03-09 00:00:00,NULL,138,NULL,admin,NULL,NULL,NULL
1582352,羊骨头,1189,肉禽蛋,1207,羊肉类,9.5,10.0,9.75,,,斤,2024-03-09 00:00:00,NULL,138,NULL,admin,NULL,NULL,NULL
1582351,羊上脑,1189,肉禽蛋,1207,羊肉类,34.0,36.0,35.0,,,斤,2024-03-09 00:00:00,NULL,138,NULL,admin,NULL,NULL,NULL
1582350,羊腩,1189,肉禽蛋,1207,羊肉类,24.0,25.0,24.5,,,斤,2024-03-09 00:00:00,NULL,138,NULL,admin,NULL,NULL,NULL
1582349,羊里脊,1189,肉禽蛋,1207,羊肉类,32.0,34.0,33.0,,,斤,2024-03-09 00:00:00,NULL,138,NULL,admin,NULL,NULL,NULL
1582348,淘汰鸡,1189,肉禽蛋,1208,禽蛋类,10.0,10.0,10.0,,干净膛,斤,2024-03-09 00:00:00,NULL,138,NULL,admin,NULL,NULL,NULL
1582347,淘汰鸡,1189,肉禽蛋,1208,禽蛋类,8.8,9.0,8.9,,净膛,斤,2024-03-09 00:00:00,NULL,138,NULL,admin,NULL,NULL,NULL
1582346,仔鸡,1189,肉禽蛋,1208,禽蛋类,6.8,7.2,7.0,,净膛,斤,2024-03-09 00:00:00,NULL,138,NULL,admin,NULL,NULL,NULL
1582345,肉鸡,1189,肉禽蛋,1208,禽蛋类,7.0,7.3,7.15,,,斤,2024-03-09 00:00:00,NULL,138,NULL,admin,NULL,NULL,NULL
1582344,鸡胸,1189,肉禽蛋,1208,禽蛋类,6.0,7.0,6.5,,,斤,2024-03-09 00:00:00,NULL,138,NULL,admin,NULL,NULL,NULL
1582343,鸡翅,1189,肉禽蛋,1208,禽蛋类,11.0,11.0,11.0,,,斤,2024-03-09 00:00:00,NULL,138,NULL,admin,NULL,NULL,NULL
1582342,鸡翅尖,1189,肉禽蛋,1208,禽蛋类,7.0,7.5,7.25,,,斤,2024-03-09 00:00:00,NULL,138,NULL,admin,NULL,NULL,NULL
1582341,鸡翅中,1189,肉禽蛋,1208,禽蛋类,21.0,21.0,21.0,,,斤,2024-03-09 00:00:00,NULL,138,NULL,admin,NULL,NULL,NULL
1582340,鸡翅根,1189,肉禽蛋,1208,禽蛋类,7.3,7.5,7.4,,,斤,2024-03-09 00:00:00,NULL,138,NULL,admin,NULL,NULL,NULL
1582339,鸡边腿,1189,肉禽蛋,1208,禽蛋类,6.3,6.5,6.4,,,斤,2024-03-09 00:00:00,NULL,138,NULL,admin,NULL,NULL,NULL
1582338,鸡排腿,1189,肉禽蛋,1208,禽蛋类,7.0,7.0,7.0,,,斤,2024-03-09 00:00:00,NULL,138,NULL,admin,NULL,NULL,NULL
1582337,鸡琵琶腿,1189,肉禽蛋,1208,禽蛋类,7.0,7.5,7.25,,,斤,2024-03-09 00:00:00,NULL,138,NULL,admin,NULL,NULL,NULL
1582336,鸡胗,1189,肉禽蛋,1208,禽蛋类,10.0,12.0,11.0,,,斤,2024-03-09 00:00:00,NULL,138,NULL,admin,NULL,NULL,NULL
1582335,鸡爪,1189,肉禽蛋,1208,禽蛋类,21.0,21.0,21.0,,,斤,2024-03-09 00:00:00,NULL,138,NULL,admin,NULL,NULL,NULL
1582334,鸡心,1189,肉禽蛋,1208,禽蛋类,5.0,5.0,5.0,,,斤,2024-03-09 00:00:00,NULL,138,NULL,admin,NULL,NULL,NULL
1582333,鸡肝,1189,肉禽蛋,1208,禽蛋类,3.0,3.0,3.0,,,斤,2024-03-09 00:00:00,NULL,138,NULL,admin,NULL,NULL,NULL
1582332,鸡脖子,1189,肉禽蛋,1208,禽蛋类,4.8,5.0,4.9,,去皮,斤,2024-03-09 00:00:00,NULL,138,NULL,admin,NULL,NULL,NULL
1582331,鸡头,1189,肉禽蛋,1208,禽蛋类,2.5,3.0,2.75,,,斤,2024-03-09 00:00:00,NULL,138,NULL,admin,NULL,NULL,NULL
1582330,鸡油,1189,肉禽蛋,1208,禽蛋类,5.5,5.5,5.5,,,斤,2024-03-09 00:00:00,NULL,138,NULL,admin,NULL,NULL,NULL
1582329,鸡架子,1189,肉禽蛋,1208,禽蛋类,3.5,4.0,3.75,,,斤,2024-03-09 00:00:00,NULL,138,NULL,admin,NULL,NULL,NULL
1582328,白条乌鸡,1189,肉禽蛋,1208,禽蛋类,12.0,12.0,12.0,,净膛,斤,2024-03-09 00:00:00,NULL,138,NULL,admin,NULL,NULL,NULL
1582327,黑爪公鸡,1189,肉禽蛋,1208,禽蛋类,11.0,12.0,11.5,,净膛,斤,2024-03-09 00:00:00,NULL,138,NULL,admin,NULL,NULL,NULL
1582326,白条鹅,1189,肉禽蛋,1208,禽蛋类,11.0,13.0,12.0,,净膛,斤,2024-03-09 00:00:00,NULL,138,NULL,admin,NULL,NULL,NULL
1582325,白条湖鸭,1189,肉禽蛋,1208,禽蛋类,6.0,8.0,7.0,,,斤,2024-03-09 00:00:00,NULL,138,NULL,admin,NULL,NULL,NULL
1582324,鸭肠,1189,肉禽蛋,1208,禽蛋类,7.0,8.0,7.5,,,斤,2024-03-09 00:00:00,NULL,138,NULL,admin,NULL,NULL,NULL
1582323,鸭肝,1189,肉禽蛋,1208,禽蛋类,2.5,2.5,2.5,,,斤,2024-03-09 00:00:00,NULL,138,NULL,admin,NULL,NULL,NULL
1582322,鸭头,1189,肉禽蛋,1208,禽蛋类,9.5,11.0,10.25,,,斤,2024-03-09 00:00:00,NULL,138,NULL,admin,NULL,NULL,NULL
1582321,鸭心,1189,肉禽蛋,1208,禽蛋类,4.5,5.0,4.75,,,斤,2024-03-09 00:00:00,NULL,138,NULL,admin,NULL,NULL,NULL
1582320,鸭腿,1189,肉禽蛋,1208,禽蛋类,5.8,6.5,6.15,,,斤,2024-03-09 00:00:00,NULL,138,NULL,admin,NULL,NULL,NULL
1582319,鸭胗,1189,肉禽蛋,1208,禽蛋类,14.5,15.0,14.75,,,斤,2024-03-09 00:00:00,NULL,138,NULL,admin,NULL,NULL,NULL
1582318,鸭脖子,1189,肉禽蛋,1208,禽蛋类,9.0,10.0,9.5,,去皮,斤,2024-03-09 00:00:00,NULL,138,NULL,admin,NULL,NULL,NULL
1582317,白条乳鸽,1189,肉禽蛋,1208,禽蛋类,20.0,23.0,21.5,,,只,2024-03-09 00:00:00,NULL,138,NULL,admin,NULL,NULL,NULL
1582316,白条兔,1189,肉禽蛋,1208,禽蛋类,23.0,25.0,24.0,,鲜,斤,2024-03-09 00:00:00,NULL,138,NULL,admin,NULL,NULL,NULL
1582315,箱鸡蛋,1189,肉禽蛋,1208,禽蛋类,164.0,170.0,167.0,,净44斤,箱,2024-03-09 00:00:00,NULL,138,NULL,admin,NULL,NULL,NULL
1582314,箱鸡蛋,1189,肉禽蛋,1208,禽蛋类,3.73,3.86,3.8,,,斤,2024-03-09 00:00:00,NULL,138,NULL,admin,NULL,NULL,NULL
1582313,散鸡蛋,1189,肉禽蛋,1208,禽蛋类,4.3,4.3,4.3,,,斤,2024-03-09 00:00:00,NULL,138,NULL,admin,NULL,NULL,NULL
1582312,生鸭蛋,1189,肉禽蛋,1208,禽蛋类,6.6,7.5,7.05,,,斤,2024-03-09 00:00:00,NULL,138,NULL,admin,NULL,NULL,NULL
1582311,熟鸭蛋,1189,肉禽蛋,1208,禽蛋类,8.3,10.0,9.15,,,斤,2024-03-09 00:00:00,NULL,138,NULL,admin,NULL,NULL,NULL
1582310,松花蛋,1189,肉禽蛋,1208,禽蛋类,7.0,10.0,8.5,,,斤,2024-03-09 00:00:00,NULL,138,NULL,admin,NULL,NULL,NULL
1582309,鹅蛋,1189,肉禽蛋,1208,禽蛋类,15.5,18.5,17.0,,,斤,2024-03-09 00:00:00,NULL,138,NULL,admin,NULL,NULL,NULL
1582308,鹌鹑蛋,1189,肉禽蛋,1208,禽蛋类,5.3,7.0,6.15,,,斤,2024-03-09 00:00:00,NULL,138,NULL,admin,NULL,NULL,NULL
1582307,柴鸡蛋,1189,肉禽蛋,1208,禽蛋类,4.09,8.2,6.15,,,斤,2024-03-09 00:00:00,NULL,138,NULL,admin,NULL,NULL,NULL
1582306,乌鸡蛋,1189,肉禽蛋,1208,禽蛋类,7.5,8.5,8.0,,,斤,2024-03-09 00:00:00,NULL,138,NULL,admin,NULL,NULL,NULL
1582305,大雁蛋,1189,肉禽蛋,1208,禽蛋类,15.0,17.5,16.25,,,斤,2024-03-09 00:00:00,NULL,138,NULL,admin,NULL,NULL,NULL
1582304,变蛋,1189,肉禽蛋,1208,禽蛋类,0.7,1.0,0.85,,,个,2024-03-09 00:00:00,NULL,138,NULL,admin,NULL,NULL,NULL
1582303,鸵鸟蛋,1189,肉禽蛋,1208,禽蛋类,100.0,160.0,130.0,,,个,2024-03-09 00:00:00,NULL,138,NULL,admin,NULL,NULL,NULL
1582302,鸽子蛋,1189,肉禽蛋,1208,禽蛋类,3.0,3.3,3.15,,,个,2024-03-09 00:00:00,NULL,138,NULL,admin,NULL,NULL,NULL
1582301,活珠子,1189,肉禽蛋,1208,禽蛋类,1.3,1.5,1.4,,,个,2024-03-09 00:00:00,NULL,138,NULL,admin,NULL,NULL,NULL
1582300,山鸡蛋,1189,肉禽蛋,1208,禽蛋类,1.1,1.2,1.15,,,个,2024-03-09 00:00:00,NULL,138,NULL,admin,NULL,NULL,NULL
1582299,大白菜,1186,蔬菜,NULL,,0.5,0.9,0.7,冀鲁鄂,,斤,2024-03-08 00:00:00,NULL,138,NULL,admin,NULL,NULL,NULL
1582298,娃娃菜,1186,蔬菜,NULL,,1.8,2.2,2.0,豫鄂云,,斤,2024-03-08 00:00:00,NULL,138,NULL,admin,NULL,NULL,NULL
1582297,小白菜,1186,蔬菜,NULL,,1.3,1.4,1.35,冀鲁,,斤,2024-03-08 00:00:00,NULL,138,NULL,admin,NULL,NULL,NULL
1582296,圆白菜,1186,蔬菜,NULL,,0.5,0.7,0.6,鄂冀川,露地,斤,2024-03-08 00:00:00,NULL,138,NULL,admin,NULL,NULL,NULL
1582295,圆白菜,1186,蔬菜,NULL,,2.0,2.2,2.1,鲁冀,大棚,斤,2024-03-08 00:00:00,NULL,138,NULL,admin,NULL,NULL,NULL
1582294,紫甘蓝,1186,蔬菜,NULL,,1.3,1.4,1.35,冀鲁宁,,斤,2024-03-08 00:00:00,NULL,138,NULL,admin,NULL,NULL,NULL
1582293,芹菜,1186,蔬菜,NULL,,2.3,2.6,2.45,鲁津,,斤,2024-03-08 00:00:00,NULL,138,NULL,admin,NULL,NULL,NULL
1582292,西芹,1186,蔬菜,NULL,,2.8,3.2,3.0,鲁辽,,斤,2024-03-08 00:00:00,NULL,138,NULL,admin,NULL,NULL,NULL
1582291,菠菜,1186,蔬菜,NULL,,1.6,2.3,1.95,冀鲁,,斤,2024-03-08 00:00:00,NULL,138,NULL,admin,NULL,NULL,NULL
1582290,莴笋,1186,蔬菜,NULL,,1.0,2.0,1.5,浙闽云,,斤,2024-03-08 00:00:00,NULL,138,NULL,admin,NULL,NULL,NULL
1582289,团生菜,1186,蔬菜,NULL,,1.5,2.5,2.0,云,,斤,2024-03-08 00:00:00,NULL,138,NULL,admin,NULL,NULL,NULL
1582288,罗马生菜,1186,蔬菜,NULL,,2.0,2.3,2.15,云,,斤,2024-03-08 00:00:00,NULL,138,NULL,admin,NULL,NULL,NULL
1582287,散叶生菜,1186,蔬菜,NULL,,1.5,2.0,1.75,冀辽,,斤,2024-03-08 00:00:00,NULL,138,NULL,admin,NULL,NULL,NULL
1582286,油菜,1186,蔬菜,NULL,,1.1,1.5,1.3,鲁,,斤,2024-03-08 00:00:00,NULL,138,NULL,admin,NULL,NULL,NULL
1582285,香菜,1186,蔬菜,NULL,,1.8,3.0,2.4,鲁,,斤,2024-03-08 00:00:00,NULL,138,NULL,admin,NULL,NULL,NULL
1582284,茴香,1186,蔬菜,NULL,,2.8,3.3,3.05,冀,,斤,2024-03-08 00:00:00,NULL,138,NULL,admin,NULL,NULL,NULL
1582283,韭菜,1186,蔬菜,NULL,,2.5,3.3,2.9,冀,,斤,2024-03-08 00:00:00,NULL,138,NULL,admin,NULL,NULL,NULL
1582282,苦菊,1186,蔬菜,NULL,,2.7,3.1,2.9,辽,,斤,2024-03-08 00:00:00,NULL,138,NULL,admin,NULL,NULL,NULL
1582281,油麦菜,1186,蔬菜,NULL,,2.5,3.3,2.9,冀鲁云,,斤,2024-03-08 00:00:00,NULL,138,NULL,admin,NULL,NULL,NULL
1582280,散菜花,1186,蔬菜,NULL,,1.7,2.8,2.25,云闽,,斤,2024-03-08 00:00:00,NULL,138,NULL,admin,NULL,NULL,NULL
1582279,绿菜花,1186,蔬菜,NULL,,2.0,2.4,2.2,浙,,斤,2024-03-08 00:00:00,NULL,138,NULL,admin,NULL,NULL,NULL
1582278,绿豆芽,1186,蔬菜,NULL,,0.95,1.0,0.98,,,斤,2024-03-08 00:00:00,NULL,138,NULL,admin,NULL,NULL,NULL
1582277,黄豆芽,1186,蔬菜,NULL,,0.85,0.9,0.88,,,斤,2024-03-08 00:00:00,NULL,138,NULL,admin,NULL,NULL,NULL
1582276,番茄,1186,蔬菜,NULL,,1.2,1.8,1.5,冀云川,黑框,斤,2024-03-08 00:00:00,NULL,138,NULL,admin,NULL,NULL,NULL
1582275,番茄,1186,蔬菜,NULL,,2.0,2.5,2.25,冀鲁川,纸箱\泡沫箱,斤,2024-03-08 00:00:00,NULL,138,NULL,admin,NULL,NULL,NULL
1582274,番茄,1186,蔬菜,NULL,,2.0,3.6,2.8,蒙鲁,白框,斤,2024-03-08 00:00:00,NULL,138,NULL,admin,NULL,NULL,NULL
1582273,黄瓜,1186,蔬菜,NULL,,1.5,2.9,2.2,鲁辽云,袋\箱,斤,2024-03-08 00:00:00,NULL,138,NULL,admin,NULL,NULL,NULL
1582272,黄瓜,1186,蔬菜,NULL,,2.8,3.8,3.3,鲁,干花\鲜花,斤,2024-03-08 00:00:00,NULL,138,NULL,admin,NULL,NULL,NULL
1582271,小黄瓜,1186,蔬菜,NULL,,4.2,4.2,4.2,辽冀,旱,斤,2024-03-08 00:00:00,NULL,138,NULL,admin,NULL,NULL,NULL
1582270,小黄瓜,1186,蔬菜,NULL,,5.2,5.2,5.2,辽鲁,荷兰,斤,2024-03-08 00:00:00,NULL,138,NULL,admin,NULL,NULL,NULL
1582269,茄子,1186,蔬菜,NULL,,1.5,3.0,2.25,鲁云冀,,斤,2024-03-08 00:00:00,NULL,138,NULL,admin,NULL,NULL,NULL
1582268,长茄,1186,蔬菜,NULL,,2.0,4.0,3.0,辽,,斤,2024-03-08 00:00:00,NULL,138,NULL,admin,NULL,NULL,NULL
1582267,线茄,1186,蔬菜,NULL,,2.5,5.5,4.0,闽,箱,斤,2024-03-08 00:00:00,NULL,138,NULL,admin,NULL,NULL,NULL
1582266,广茄,1186,蔬菜,NULL,,2.5,3.0,2.75,闽云,箱,斤,2024-03-08 00:00:00,NULL,138,NULL,admin,NULL,NULL,NULL
1582265,冬瓜,1186,蔬菜,NULL,,1.3,1.4,1.35,海桂,吊,斤,2024-03-08 00:00:00,NULL,138,NULL,admin,NULL,NULL,NULL
1582264,冬瓜,1186,蔬菜,NULL,,0.9,0.95,0.93,新,地,斤,2024-03-08 00:00:00,NULL,138,NULL,admin,NULL,NULL,NULL
1582263,毛冬瓜,1186,蔬菜,NULL,,1.8,2.2,2.0,云,长\小,斤,2024-03-08 00:00:00,NULL,138,NULL,admin,NULL,NULL,NULL
1582262,架豆,1186,蔬菜,NULL,,3.0,5.8,4.4,云,,斤,2024-03-08 00:00:00,NULL,138,NULL,admin,NULL,NULL,NULL
1582261,豆王,1186,蔬菜,NULL,,3.5,7.2,5.35,云鲁,,斤,2024-03-08 00:00:00,NULL,138,NULL,admin,NULL,NULL,NULL
1582260,扁豆,1186,蔬菜,NULL,,4.5,7.9,6.2,云鲁,,斤,2024-03-08 00:00:00,NULL,138,NULL,admin,NULL,NULL,NULL
1582259,豇豆,1186,蔬菜,NULL,,4.5,7.2,5.85,云海,,斤,2024-03-08 00:00:00,NULL,138,NULL,admin,NULL,NULL,NULL
1582258,白不老,1186,蔬菜,NULL,,4.5,8.0,6.25,云,,斤,2024-03-08 00:00:00,NULL,138,NULL,admin,NULL,NULL,NULL
1582257,油豆,1186,蔬菜,NULL,,4.5,10.0,7.25,云粤,,斤,2024-03-08 00:00:00,NULL,138,NULL,admin,NULL,NULL,NULL
1582256,毛豆,1186,蔬菜,NULL,,3.5,3.8,3.65,粤闽,,斤,2024-03-08 00:00:00,NULL,138,NULL,admin,NULL,NULL,NULL
1582255,花生,1186,蔬菜,NULL,,5.5,6.0,5.75,苏,泥\洗,斤,2024-03-08 00:00:00,NULL,138,NULL,admin,NULL,NULL,NULL
1582254,玉米,1186,蔬菜,NULL,,2.0,2.2,2.1,海,黄,斤,2024-03-08 00:00:00,NULL,138,NULL,admin,NULL,NULL,NULL
1582253,玉米,1186,蔬菜,NULL,,2.6,2.8,2.7,海,白\花,斤,2024-03-08 00:00:00,NULL,138,NULL,admin,NULL,NULL,NULL
1582252,苦瓜,1186,蔬菜,NULL,,4.0,4.5,4.25,鲁,,斤,2024-03-08 00:00:00,NULL,138,NULL,admin,NULL,NULL,NULL
1582251,丝瓜,1186,蔬菜,NULL,,4.5,5.5,5.0,鲁冀,长\短,斤,2024-03-08 00:00:00,NULL,138,NULL,admin,NULL,NULL,NULL
1582250,西葫芦,1186,蔬菜,NULL,,2.2,2.6,2.4,鲁,箱,斤,2024-03-08 00:00:00,NULL,138,NULL,admin,NULL,NULL,NULL
1582249,贝贝南瓜,1186,蔬菜,NULL,,2.0,2.2,2.1,蒙,,斤,2024-03-08 00:00:00,NULL,138,NULL,admin,NULL,NULL,NULL
1582248,金丝南瓜,1186,蔬菜,NULL,,2.0,2.1,2.05,蒙,,斤,2024-03-08 00:00:00,NULL,138,NULL,admin,NULL,NULL,NULL
1582247,板栗南瓜,1186,蔬菜,NULL,,1.5,2.5,2.0,蒙新,,斤,2024-03-08 00:00:00,NULL,138,NULL,admin,NULL,NULL,NULL
1582246,南北瓜,1186,蔬菜,NULL,,1.0,1.7,1.35,鄂川云,,斤,2024-03-08 00:00:00,NULL,138,NULL,admin,NULL,NULL,NULL
1582245,尖椒,1186,蔬菜,NULL,,2.0,4.0,3.0,冀辽鲁粤,袋\箱,斤,2024-03-08 00:00:00,NULL,138,NULL,admin,NULL,NULL,NULL
1582244,红尖椒,1186,蔬菜,NULL,,3.0,4.0,3.5,鲁皖,,斤,2024-03-08 00:00:00,NULL,138,NULL,admin,NULL,NULL,NULL
1582243,美人椒,1186,蔬菜,NULL,,5.0,6.0,5.5,鲁云,,斤,2024-03-08 00:00:00,NULL,138,NULL,admin,NULL,NULL,NULL
1582242,螺丝椒,1186,蔬菜,NULL,,3.0,5.5,4.25,鲁辽,,斤,2024-03-08 00:00:00,NULL,138,NULL,admin,NULL,NULL,NULL
1582241,柿子椒,1186,蔬菜,NULL,,2.8,3.7,3.25,鲁辽,袋\箱,斤,2024-03-08 00:00:00,NULL,138,NULL,admin,NULL,NULL,NULL
1582240,线椒,1186,蔬菜,NULL,,3.0,4.5,3.75,鲁,新,斤,2024-03-08 00:00:00,NULL,138,NULL,admin,NULL,NULL,NULL
1582239,杭椒,1186,蔬菜,NULL,,3.5,5.0,4.25,鲁冀,,斤,2024-03-08 00:00:00,NULL,138,NULL,admin,NULL,NULL,NULL
1582238,小米椒,1186,蔬菜,NULL,,6.0,7.0,6.5,云,,斤,2024-03-08 00:00:00,NULL,138,NULL,admin,NULL,NULL,NULL
1582237,彩椒,1186,蔬菜,NULL,,9.0,12.0,10.5,鲁,红\黄,斤,2024-03-08 00:00:00,NULL,138,NULL,admin,NULL,NULL,NULL
1582236,白萝卜,1186,蔬菜,NULL,,0.6,0.8,0.7,鄂川,,斤,2024-03-08 00:00:00,NULL,138,NULL,admin,NULL,NULL,NULL
1582235,心里美,1186,蔬菜,NULL,,0.9,1.0,0.95,冀,泥\洗,斤,2024-03-08 00:00:00,NULL,138,NULL,admin,NULL,NULL,NULL
1582234,卞萝卜,1186,蔬菜,NULL,,0.4,0.6,0.5,冀,洗,斤,2024-03-08 00:00:00,NULL,138,NULL,admin,NULL,NULL,NULL
1582233,青萝卜,1186,蔬菜,NULL,,0.6,1.4,1.0,冀豫津,存\新,斤,2024-03-08 00:00:00,NULL,138,NULL,admin,NULL,NULL,NULL
1582232,胡萝卜,1186,蔬菜,NULL,,0.6,1.05,0.83,鲁豫,泥,斤,2024-03-08 00:00:00,NULL,138,NULL,admin,NULL,NULL,NULL
1582231,胡萝卜,1186,蔬菜,NULL,,0.7,0.9,0.8,鲁豫,洗,斤,2024-03-08 00:00:00,NULL,138,NULL,admin,NULL,NULL,NULL
1582230,土豆,1186,蔬菜,NULL,,0.8,1.35,1.08,冀蒙陕,老,斤,2024-03-08 00:00:00,NULL,138,NULL,admin,NULL,NULL,NULL
1582229,土豆,1186,蔬菜,NULL,,1.3,2.0,1.65,云桂,新,斤,2024-03-08 00:00:00,NULL,138,NULL,admin,NULL,NULL,NULL
1582228,葱头,1186,蔬菜,NULL,,1.4,1.5,1.45,甘蒙,黄,斤,2024-03-08 00:00:00,NULL,138,NULL,admin,NULL,NULL,NULL
1582227,葱头,1186,蔬菜,NULL,,1.8,2.0,1.9,甘蒙,红,斤,2024-03-08 00:00:00,NULL,138,NULL,admin,NULL,NULL,NULL
1582226,山药,1186,蔬菜,NULL,,3.5,4.0,3.75,豫鲁,脆,斤,2024-03-08 00:00:00,NULL,138,NULL,admin,NULL,NULL,NULL
1582225,山药,1186,蔬菜,NULL,,4.5,5.5,5.0,冀,麻,斤,2024-03-08 00:00:00,NULL,138,NULL,admin,NULL,NULL,NULL
1582224,山药,1186,蔬菜,NULL,,5.0,8.0,6.5,豫冀,铁棍,斤,2024-03-08 00:00:00,NULL,138,NULL,admin,NULL,NULL,NULL
1582223,莲藕,1186,蔬菜,NULL,,4.0,4.5,4.25,苏津,泥\洗,斤,2024-03-08 00:00:00,NULL,138,NULL,admin,NULL,NULL,NULL
1582222,红薯,1186,蔬菜,NULL,,0.8,1.2,1.0,冀,龙薯九,斤,2024-03-08 00:00:00,NULL,138,NULL,admin,NULL,NULL,NULL
1582221,红薯,1186,蔬菜,NULL,,1.2,1.8,1.5,粤,西瓜红\烟薯,斤,2024-03-08 00:00:00,NULL,138,NULL,admin,NULL,NULL,NULL
1582220,紫薯,1186,蔬菜,NULL,,1.5,3.5,2.5,冀,,斤,2024-03-08 00:00:00,NULL,138,NULL,admin,NULL,NULL,NULL
1582219,荸荠,1186,蔬菜,NULL,,2.8,3.0,2.9,皖,,斤,2024-03-08 00:00:00,NULL,138,NULL,admin,NULL,NULL,NULL
1582218,芋头,1186,蔬菜,NULL,,3.0,3.5,3.25,鲁,,斤,2024-03-08 00:00:00,NULL,138,NULL,admin,NULL,NULL,NULL
1582217,姜,1186,蔬菜,NULL,,2.5,3.0,2.75,鲁,姜头,斤,2024-03-08 00:00:00,NULL,138,NULL,admin,NULL,NULL,NULL
1582216,姜,1186,蔬菜,NULL,,5.0,6.0,5.5,鲁,整姜,斤,2024-03-08 00:00:00,NULL,138,NULL,admin,NULL,NULL,NULL
1582215,大蒜,1186,蔬菜,NULL,,4.5,7.5,6.0,豫苏鲁,,斤,2024-03-08 00:00:00,NULL,138,NULL,admin,NULL,NULL,NULL
1582214,蒜米,1186,蔬菜,NULL,,4.0,6.0,5.0,鲁,机剥\手工,斤,2024-03-08 00:00:00,NULL,138,NULL,admin,NULL,NULL,NULL
1582213,大葱,1186,蔬菜,NULL,,1.4,1.6,1.5,沪闽,,斤,2024-03-08 00:00:00,NULL,138,NULL,admin,NULL,NULL,NULL
1582212,小葱,1186,蔬菜,NULL,,2.5,4.5,3.5,冀鲁,,斤,2024-03-08 00:00:00,NULL,138,NULL,admin,NULL,NULL,NULL
1582211,蒜苗,1186,蔬菜,NULL,,3.0,8.0,5.5,鲁,,斤,2024-03-08 00:00:00,NULL,138,NULL,admin,NULL,NULL,NULL
1582210,蒜黄,1186,蔬菜,NULL,,6.0,6.5,6.25,冀,,斤,2024-03-08 00:00:00,NULL,138,NULL,admin,NULL,NULL,NULL
1582209,青蒜,1186,蔬菜,NULL,,4.0,4.5,4.25,川鲁,,斤,2024-03-08 00:00:00,NULL,138,NULL,admin,NULL,NULL,NULL
1582208,平菇,1186,蔬菜,NULL,,2.0,3.5,2.75,京,,斤,2024-03-08 00:00:00,NULL,138,NULL,admin,NULL,NULL,NULL
1582207,香菇,1186,蔬菜,NULL,,3.5,7.0,5.25,冀,,斤,2024-03-08 00:00:00,NULL,138,NULL,admin,NULL,NULL,NULL
1582206,白玉菇,1186,蔬菜,NULL,,3.0,4.0,3.5,冀豫京,,斤,2024-03-08 00:00:00,NULL,138,NULL,admin,NULL,NULL,NULL
1582205,口蘑,1186,蔬菜,NULL,,7.5,8.0,7.75,冀闽,,斤,2024-03-08 00:00:00,NULL,138,NULL,admin,NULL,NULL,NULL
1582204,杏鲍菇,1186,蔬菜,NULL,,2.5,4.0,3.25,苏豫津,,斤,2024-03-08 00:00:00,NULL,138,NULL,admin,NULL,NULL,NULL
1582203,金针菇,1186,蔬菜,NULL,,2.0,2.6,2.3,辽鲁京,,斤,2024-03-08 00:00:00,NULL,138,NULL,admin,NULL,NULL,NULL
1582202,油菜,1186,蔬菜,1199,水菜,1.0,1.5,1.25,,,斤,2024-03-08 00:00:00,NULL,138,NULL,admin,NULL,NULL,NULL
1582201,小白菜,1186,蔬菜,1199,水菜,1.5,2.0,1.75,,,斤,2024-03-08 00:00:00,NULL,138,NULL,admin,NULL,NULL,NULL
1582200,油麦菜,1186,蔬菜,1199,水菜,2.5,3.4,2.95,,,斤,2024-03-08 00:00:00,NULL,138,NULL,admin,NULL,NULL,NULL
1582199,奶白菜,1186,蔬菜,1199,水菜,3.0,3.5,3.25,,,斤,2024-03-08 00:00:00,NULL,138,NULL,admin,NULL,NULL,NULL
1582198,散生菜,1186,蔬菜,1199,水菜,1.5,2.0,1.75,,,斤,2024-03-08 00:00:00,NULL,138,NULL,admin,NULL,NULL,NULL
1582197,香葱,1186,蔬菜,1199,水菜,3.0,3.5,3.25,,,斤,2024-03-08 00:00:00,NULL,138,NULL,admin,NULL,NULL,NULL
1582196,茼蒿,1186,蔬菜,1199,水菜,3.0,3.5,3.25,,,斤,2024-03-08 00:00:00,NULL,138,NULL,admin,NULL,NULL,NULL
1582195,蒿子秆,1186,蔬菜,1199,水菜,1.5,2.0,1.75,,,斤,2024-03-08 00:00:00,NULL,138,NULL,admin,NULL,NULL,NULL
1582194,水萝卜,1186,蔬菜,1199,水菜,3.0,3.5,3.25,,,斤,2024-03-08 00:00:00,NULL,138,NULL,admin,NULL,NULL,NULL
1582193,樱桃萝卜,1186,蔬菜,1199,水菜,3.0,3.5,3.25,,,斤,2024-03-08 00:00:00,NULL,138,NULL,admin,NULL,NULL,NULL
1582192,香芹,1186,蔬菜,1199,水菜,4.5,5.0,4.75,,,斤,2024-03-08 00:00:00,NULL,138,NULL,admin,NULL,NULL,NULL
1582191,菠菜,1186,蔬菜,1199,水菜,2.0,3.0,2.5,,,斤,2024-03-08 00:00:00,NULL,138,NULL,admin,NULL,NULL,NULL
1582190,苋菜,1186,蔬菜,1199,水菜,9.0,10.0,9.5,,,斤,2024-03-08 00:00:00,NULL,138,NULL,admin,NULL,NULL,NULL
1582189,菊花菜,1186,蔬菜,1199,水菜,7.0,7.5,7.25,,,斤,2024-03-08 00:00:00,NULL,138,NULL,admin,NULL,NULL,NULL
1582188,黄心菜,1186,蔬菜,1199,水菜,6.5,7.5,7.0,,,斤,2024-03-08 00:00:00,NULL,138,NULL,admin,NULL,NULL,NULL
1582187,青蒜,1186,蔬菜,1199,水菜,4.5,5.0,4.75,,,斤,2024-03-08 00:00:00,NULL,138,NULL,admin,NULL,NULL,NULL
1582186,盖菜,1186,蔬菜,1199,水菜,2.0,2.5,2.25,,,斤,2024-03-08 00:00:00,NULL,138,NULL,admin,NULL,NULL,NULL
1582185,芥兰,1186,蔬菜,1199,水菜,3.5,4.0,3.75,,,斤,2024-03-08 00:00:00,NULL,138,NULL,admin,NULL,NULL,NULL
1582184,菜心,1186,蔬菜,1199,水菜,3.3,3.7,3.5,,,斤,2024-03-08 00:00:00,NULL,138,NULL,admin,NULL,NULL,NULL
1582183,空心菜,1186,蔬菜,1199,水菜,9.0,9.5,9.25,,,斤,2024-03-08 00:00:00,NULL,138,NULL,admin,NULL,NULL,NULL
1582182,荠菜,1186,蔬菜,1199,水菜,7.0,8.0,7.5,,,斤,2024-03-08 00:00:00,NULL,138,NULL,admin,NULL,NULL,NULL
1582181,鸡毛菜,1186,蔬菜,1199,水菜,1.0,1.5,1.25,,,斤,2024-03-08 00:00:00,NULL,138,NULL,admin,NULL,NULL,NULL
1582180,豌豆苗,1186,蔬菜,1199,水菜,5.5,6.5,6.0,,,斤,2024-03-08 00:00:00,NULL,138,NULL,admin,NULL,NULL,NULL
1582179,快菜,1186,蔬菜,1199,水菜,1.5,2.0,1.75,,,斤,2024-03-08 00:00:00,NULL,138,NULL,admin,NULL,NULL,NULL
1582178,苦菊,1186,蔬菜,1199,水菜,3.5,4.0,3.75,,,斤,2024-03-08 00:00:00,NULL,138,NULL,admin,NULL,NULL,NULL
1582177,穿心莲,1186,蔬菜,1199,水菜,3.5,4.0,3.75,,,斤,2024-03-08 00:00:00,NULL,138,NULL,admin,NULL,NULL,NULL
1582176,木耳菜,1186,蔬菜,1199,水菜,6.5,7.5,7.0,,,斤,2024-03-08 00:00:00,NULL,138,NULL,admin,NULL,NULL,NULL
1582175,椰青,1187,水果,1211,其他类,7.0,8.0,7.5,,,个,2024-03-08 00:00:00,NULL,138,NULL,admin,NULL,NULL,NULL
1582174,菠萝,1187,水果,1211,其他类,1.6,2.2,1.9,,箱装（上六下六）,斤,2024-03-08 00:00:00,NULL,138,NULL,admin,NULL,NULL,NULL
1582173,圣女果,1187,水果,1211,其他类,4.0,6.0,5.0,,千禧,斤,2024-03-08 00:00:00,NULL,138,NULL,admin,NULL,NULL,NULL
1582172,百香果,1187,水果,1211,其他类,7.0,8.0,7.5,,,斤,2024-03-08 00:00:00,NULL,138,NULL,admin,NULL,NULL,NULL
1582171,黑枣,1187,水果,1211,其他类,8.0,11.0,9.5,,,斤,2024-03-08 00:00:00,NULL,138,NULL,admin,NULL,NULL,NULL
1582170,九九草莓,1187,水果,1211,其他类,11.0,15.0,13.0,,,斤,2024-03-08 00:00:00,NULL,138,NULL,admin,NULL,NULL,NULL
1582169,红颜草莓,1187,水果,1211,其他类,5.0,12.0,8.5,,,斤,2024-03-08 00:00:00,NULL,138,NULL,admin,NULL,NULL,NULL
1582168,蓝莓,1187,水果,1211,其他类,65.0,90.0,77.5,,,斤,2024-03-08 00:00:00,NULL,138,NULL,admin,NULL,NULL,NULL
1582167,火龙果,1187,水果,1211,其他类,4.0,7.0,5.5,,红,斤,2024-03-08 00:00:00,NULL,138,NULL,admin,NULL,NULL,NULL
1582166,火龙果,1187,水果,1211,其他类,3.4,5.0,4.2,,白,斤,2024-03-08 00:00:00,NULL,138,NULL,admin,NULL,NULL,NULL
1582165,木瓜,1187,水果,1211,其他类,4.5,5.0,4.75,,,斤,2024-03-08 00:00:00,NULL,138,NULL,admin,NULL,NULL,NULL
1582164,柿饼,1187,水果,1211,其他类,5.0,9.0,7.0,,,斤,2024-03-08 00:00:00,NULL,138,NULL,admin,NULL,NULL,NULL
1582163,桑葚,1187,水果,1211,其他类,7.0,8.0,7.5,,,斤,2024-03-08 00:00:00,NULL,138,NULL,admin,NULL,NULL,NULL
1582162,甘蔗,1187,水果,1211,其他类,1.7,1.9,1.8,,,斤,2024-03-08 00:00:00,NULL,138,NULL,admin,NULL,NULL,NULL
1582161,柠檬,1187,水果,1211,其他类,4.0,5.0,4.5,,,斤,2024-03-08 00:00:00,NULL,138,NULL,admin,NULL,NULL,NULL
1582160,石榴,1187,水果,1211,其他类,4.5,7.0,5.75,,,斤,2024-03-08 00:00:00,NULL,138,NULL,admin,NULL,NULL,NULL
1582159,山楂,1187,水果,1211,其他类,5.0,7.0,6.0,,小金星,斤,2024-03-08 00:00:00,NULL,138,NULL,admin,NULL,NULL,NULL
1582158,山楂,1187,水果,1211,其他类,4.0,6.0,5.0,,普通,斤,2024-03-08 00:00:00,NULL,138,NULL,admin,NULL,NULL,NULL
1582157,姑娘果（灯笼果）,1187,水果,1211,其他类,12.0,18.0,15.0,,,斤,2024-03-08 00:00:00,NULL,138,NULL,admin,NULL,NULL,NULL
1582156,鸭梨,1187,水果,NULL,梨类,1.8,2.0,1.9,,,斤,2024-03-08 00:00:00,NULL,138,NULL,admin,NULL,NULL,NULL
1582155,雪花梨,1187,水果,NULL,梨类,1.8,1.9,1.85,,,斤,2024-03-08 00:00:00,NULL,138,NULL,admin,NULL,NULL,NULL
1582154,皇冠梨,1187,水果,NULL,梨类,2.4,2.6,2.5,,纸箱,斤,2024-03-08 00:00:00,NULL,138,NULL,admin,NULL,NULL,NULL
1582153,南果梨,1187,水果,NULL,梨类,3.5,7.5,5.5,,,斤,2024-03-08 00:00:00,NULL,138,NULL,admin,NULL,NULL,NULL
1582152,丰水梨,1187,水果,NULL,梨类,2.75,3.1,2.93,,,斤,2024-03-08 00:00:00,NULL,138,NULL,admin,NULL,NULL,NULL
1582151,酥梨,1187,水果,NULL,梨类,2.5,2.7,2.6,,,斤,2024-03-08 00:00:00,NULL,138,NULL,admin,NULL,NULL,NULL
1582150,红啤梨,1187,水果,NULL,梨类,4.8,5.0,4.9,,,斤,2024-03-08 00:00:00,NULL,138,NULL,admin,NULL,NULL,NULL
1582149,红香酥梨,1187,水果,NULL,梨类,1.4,1.7,1.55,,,斤,2024-03-08 00:00:00,NULL,138,NULL,admin,NULL,NULL,NULL
1582148,玉露香梨,1187,水果,NULL,梨类,2.8,3.0,2.9,,,斤,2024-03-08 00:00:00,NULL,138,NULL,admin,NULL,NULL,NULL
1582147,贵妃梨,1187,水果,NULL,梨类,1.7,1.8,1.75,,,斤,2024-03-08 00:00:00,NULL,138,NULL,admin,NULL,NULL,NULL
1582146,秋月梨,1187,水果,NULL,梨类,3.8,4.5,4.15,,,斤,2024-03-08 00:00:00,NULL,138,NULL,admin,NULL,NULL,NULL
1582145,库尔勒香梨,1187,水果,NULL,梨类,3.0,6.0,4.5,,,斤,2024-03-08 00:00:00,NULL,138,NULL,admin,NULL,NULL,NULL
1582144,砂糖橘,1187,水果,NULL,柑橘类,3.0,6.0,4.5,,,斤,2024-03-08 00:00:00,NULL,138,NULL,admin,NULL,NULL,NULL
1582143,丑橘,1187,水果,NULL,柑橘类,3.0,3.5,3.25,,,斤,2024-03-08 00:00:00,NULL,138,NULL,admin,NULL,NULL,NULL
1582142,爱媛,1187,水果,NULL,柑橘类,3.0,5.0,4.0,,,斤,2024-03-08 00:00:00,NULL,138,NULL,admin,NULL,NULL,NULL
1582141,赣南脐橙,1187,水果,NULL,柑橘类,2.2,3.5,2.85,,Ф65-Ф95,斤,2024-03-08 00:00:00,NULL,138,NULL,admin,NULL,NULL,NULL
1582140,血橙,1187,水果,NULL,柑橘类,1.8,2.8,2.3,,二月红,斤,2024-03-08 00:00:00,NULL,138,NULL,admin,NULL,NULL,NULL
1582139,沃柑,1187,水果,NULL,柑橘类,3.0,4.0,3.5,,,斤,2024-03-08 00:00:00,NULL,138,NULL,admin,NULL,NULL,NULL
1582138,耙耙柑,1187,水果,NULL,柑橘类,3.0,4.5,3.75,,,斤,2024-03-08 00:00:00,NULL,138,NULL,admin,NULL,NULL,NULL
1582137,芦柑,1187,水果,NULL,柑橘类,1.5,2.5,2.0,,,斤,2024-03-08 00:00:00,NULL,138,NULL,admin,NULL,NULL,NULL
1582136,金桔,1187,水果,NULL,柑橘类,3.0,9.0,6.0,,,斤,2024-03-08 00:00:00,NULL,138,NULL,admin,NULL,NULL,NULL
1582135,红心蜜柚,1187,水果,NULL,柑橘类,1.6,3.0,2.3,,,斤,2024-03-08 00:00:00,NULL,138,NULL,admin,NULL,NULL,NULL
1582134,葡萄柚,1187,水果,NULL,柑橘类,2.0,2.5,2.25,,,斤,2024-03-08 00:00:00,NULL,138,NULL,admin,NULL,NULL,NULL
1582133,猕猴桃,1187,水果,NULL,桃李杏类,5.5,8.0,6.75,,翠香,斤,2024-03-08 00:00:00,NULL,138,NULL,admin,NULL,NULL,NULL
1582132,猕猴桃,1187,水果,NULL,桃李杏类,2.6,5.0,3.8,,徐香,斤,2024-03-08 00:00:00,NULL,138,NULL,admin,NULL,NULL,NULL
1582131,猕猴桃,1187,水果,NULL,桃李杏类,2.8,4.0,3.4,,海沃德,斤,2024-03-08 00:00:00,NULL,138,NULL,admin,NULL,NULL,NULL
1582130,无籽小号-大号,1187,水果,NULL,西瓜类,1.9,2.0,1.95,,甜蜜蜜,斤,2024-03-08 00:00:00,NULL,138,NULL,admin,NULL,NULL,NULL
1582129,麒麟,1187,水果,NULL,西瓜类,4.0,5.0,4.5,,甜蜜蜜,斤,2024-03-08 00:00:00,NULL,138,NULL,admin,NULL,NULL,NULL
1582128,黑美人,1187,水果,NULL,西瓜类,1.9,2.1,2.0,,,斤,2024-03-08 00:00:00,NULL,138,NULL,admin,NULL,NULL,NULL
1582127,特小凤,1187,水果,NULL,西瓜类,2.5,3.5,3.0,,,斤,2024-03-08 00:00:00,NULL,138,NULL,admin,NULL,NULL,NULL
1582126,甜王,1187,水果,NULL,西瓜类,2.0,2.2,2.1,,,斤,2024-03-08 00:00:00,NULL,138,NULL,admin,NULL,NULL,NULL
1582125,国产香蕉,1187,水果,NULL,香蕉类,2.6,3.2,2.9,,,斤,2024-03-08 00:00:00,NULL,138,NULL,admin,NULL,NULL,NULL
1582124,进口香蕉,1187,水果,NULL,香蕉类,3.3,4.2,3.75,,菲律宾、老挝,斤,2024-03-08 00:00:00,NULL,138,NULL,admin,NULL,NULL,NULL
1582123,泰国香蕉,1187,水果,NULL,香蕉类,10.0,10.5,10.25,,帝王蕉,斤,2024-03-08 00:00:00,NULL,138,NULL,admin,NULL,NULL,NULL
1582122,晓蜜25号,1187,水果,NULL,甜瓜类,2.6,3.0,2.8,,,斤,2024-03-08 00:00:00,NULL,138,NULL,admin,NULL,NULL,NULL
1582121,玉菇,1187,水果,NULL,甜瓜类,2.6,2.8,2.7,,奶香蜜,斤,2024-03-08 00:00:00,NULL,138,NULL,admin,NULL,NULL,NULL
1582120,网纹,1187,水果,NULL,甜瓜类,5.5,6.5,6.0,,,斤,2024-03-08 00:00:00,NULL,138,NULL,admin,NULL,NULL,NULL
1582119,羊角蜜,1187,水果,NULL,甜瓜类,7.0,7.5,7.25,,六一,斤,2024-03-08 00:00:00,NULL,138,NULL,admin,NULL,NULL,NULL
1582118,绿宝甜瓜,1187,水果,NULL,甜瓜类,7.0,7.5,7.25,,,斤,2024-03-08 00:00:00,NULL,138,NULL,admin,NULL,NULL,NULL
1582117,博阳,1187,水果,NULL,甜瓜类,7.0,7.5,7.25,,系列,斤,2024-03-08 00:00:00,NULL,138,NULL,admin,NULL,NULL,NULL
1582116,富士,1187,水果,NULL,苹果类,2.8,3.6,3.2,,纸袋Φ70-84,斤,2024-03-08 00:00:00,NULL,138,NULL,admin,NULL,NULL,NULL
1582115,富士,1187,水果,NULL,苹果类,4.0,5.0,4.5,,纸袋Φ85以上,斤,2024-03-08 00:00:00,NULL,138,NULL,admin,NULL,NULL,NULL
1582114,富士,1187,水果,NULL,苹果类,2.2,2.8,2.5,,纸+膜袋,斤,2024-03-08 00:00:00,NULL,138,NULL,admin,NULL,NULL,NULL
1582113,黄元帅,1187,水果,NULL,苹果类,2.8,3.8,3.3,,,斤,2024-03-08 00:00:00,NULL,138,NULL,admin,NULL,NULL,NULL
1582112,花牛,1187,水果,NULL,苹果类,2.0,4.0,3.0,,,斤,2024-03-08 00:00:00,NULL,138,NULL,admin,NULL,NULL,NULL
1582111,阿克苏,1187,水果,NULL,苹果类,5.5,6.0,5.75,新疆,冰糖心,斤,2024-03-08 00:00:00,NULL,138,NULL,admin,NULL,NULL,NULL
1582110,国光,1187,水果,NULL,苹果类,2.5,2.8,2.65,,,斤,2024-03-08 00:00:00,NULL,138,NULL,admin,NULL,NULL,NULL
1582109,寒富苹果,1187,水果,NULL,苹果类,2.2,2.8,2.5,辽宁,,斤,2024-03-08 00:00:00,NULL,138,NULL,admin,NULL,NULL,NULL
1582108,阳光玫瑰,1187,水果,NULL,葡萄类,12.0,23.0,17.5,,,斤,2024-03-08 00:00:00,NULL,138,NULL,admin,NULL,NULL,NULL
1582107,红提,1187,水果,NULL,葡萄类,8.0,12.0,10.0,,,斤,2024-03-08 00:00:00,NULL,138,NULL,admin,NULL,NULL,NULL
1582106,克伦生,1187,水果,NULL,葡萄类,9.0,13.0,11.0,,,斤,2024-03-08 00:00:00,NULL,138,NULL,admin,NULL,NULL,NULL
1582105,红宝石,1187,水果,NULL,葡萄类,6.5,8.5,7.5,,,斤,2024-03-08 00:00:00,NULL,138,NULL,admin,NULL,NULL,NULL
1582104,巨峰,1187,水果,NULL,葡萄类,4.0,4.5,4.25,,,斤,2024-03-08 00:00:00,NULL,138,NULL,admin,NULL,NULL,NULL
1582103,辽峰,1187,水果,NULL,葡萄类,9.0,13.0,11.0,,,斤,2024-03-08 00:00:00,NULL,138,NULL,admin,NULL,NULL,NULL
1582102,台农,1187,水果,NULL,芒果类,7.0,7.5,7.25,,小,斤,2024-03-08 00:00:00,NULL,138,NULL,admin,NULL,NULL,NULL
1582101,台农,1187,水果,NULL,芒果类,8.5,9.0,8.75,,大,斤,2024-03-08 00:00:00,NULL,138,NULL,admin,NULL,NULL,NULL
1582100,玉纹,1187,水果,NULL,芒果类,12.0,13.0,12.5,,,斤,2024-03-08 00:00:00,NULL,138,NULL,admin,NULL,NULL,NULL
1582099,青皮,1187,水果,NULL,芒果类,6.0,6.5,6.25,,,斤,2024-03-08 00:00:00,NULL,138,NULL,admin,NULL,NULL,NULL
1582098,澳芒,1187,水果,NULL,芒果类,13.0,13.5,13.25,,,斤,2024-03-08 00:00:00,NULL,138,NULL,admin,NULL,NULL,NULL
1582097,高乐蜜,1187,水果,NULL,芒果类,6.0,6.5,6.25,,,斤,2024-03-08 00:00:00,NULL,138,NULL,admin,NULL,NULL,NULL
1582096,水仙芒果,1187,水果,NULL,芒果类,8.0,8.5,8.25,,,斤,2024-03-08 00:00:00,NULL,138,NULL,admin,NULL,NULL,NULL
1582095,美早,1187,水果,NULL,樱桃类,60.0,130.0,95.0,,,斤,2024-03-08 00:00:00,NULL,138,NULL,admin,NULL,NULL,NULL
1582094,白条猪,1189,肉禽蛋,1205,猪肉类,9.0,9.0,9.0,,瘦,斤,2024-03-08 00:00:00,NULL,138,NULL,admin,NULL,NULL,NULL
1582093,白条猪,1189,肉禽蛋,1205,猪肉类,8.0,8.0,8.0,,肥,斤,2024-03-08 00:00:00,NULL,138,NULL,admin,NULL,NULL,NULL
1582092,前臀尖,1189,肉禽蛋,1205,猪肉类,8.5,8.5,8.5,,瘦,斤,2024-03-08 00:00:00,NULL,138,NULL,admin,NULL,NULL,NULL
1582091,前臀尖,1189,肉禽蛋,1205,猪肉类,8.0,8.0,8.0,,肥,斤,2024-03-08 00:00:00,NULL,138,NULL,admin,NULL,NULL,NULL
1582090,后臀尖,1189,肉禽蛋,1205,猪肉类,8.5,8.5,8.5,,瘦,斤,2024-03-08 00:00:00,NULL,138,NULL,admin,NULL,NULL,NULL
1582089,后臀尖,1189,肉禽蛋,1205,猪肉类,8.0,8.0,8.0,,肥,斤,2024-03-08 00:00:00,NULL,138,NULL,admin,NULL,NULL,NULL
1582088,五花肉,1189,肉禽蛋,1205,猪肉类,11.5,12.0,11.75,,瘦,斤,2024-03-08 00:00:00,NULL,138,NULL,admin,NULL,NULL,NULL
1582087,五花肉,1189,肉禽蛋,1205,猪肉类,10.5,11.5,11.0,,肥,斤,2024-03-08 00:00:00,NULL,138,NULL,admin,NULL,NULL,NULL
1582086,五花头,1189,肉禽蛋,1205,猪肉类,8.5,9.0,8.75,,,斤,2024-03-08 00:00:00,NULL,138,NULL,admin,NULL,NULL,NULL
1582085,纯通脊,1189,肉禽蛋,1205,猪肉类,11.0,12.0,11.5,,,斤,2024-03-08 00:00:00,NULL,138,NULL,admin,NULL,NULL,NULL
1582084,通脊,1189,肉禽蛋,1205,猪肉类,8.5,9.0,8.75,,带皮,斤,2024-03-08 00:00:00,NULL,138,NULL,admin,NULL,NULL,NULL
1582083,小里脊,1189,肉禽蛋,1205,猪肉类,12.5,13.0,12.75,,,斤,2024-03-08 00:00:00,NULL,138,NULL,admin,NULL,NULL,NULL
1582082,梅花肉,1189,肉禽蛋,1205,猪肉类,10.5,11.0,10.75,,,斤,2024-03-08 00:00:00,NULL,138,NULL,admin,NULL,NULL,NULL
1582081,纯瘦肉,1189,肉禽蛋,1205,猪肉类,9.0,10.0,9.5,,,斤,2024-03-08 00:00:00,NULL,138,NULL,admin,NULL,NULL,NULL
1582080,护心肉,1189,肉禽蛋,1205,猪肉类,16.0,17.0,16.5,,鲜,斤,2024-03-08 00:00:00,NULL,138,NULL,admin,NULL,NULL,NULL
1582079,前肘,1189,肉禽蛋,1205,猪肉类,7.5,8.5,8.0,,,斤,2024-03-08 00:00:00,NULL,138,NULL,admin,NULL,NULL,NULL
1582078,后肘,1189,肉禽蛋,1205,猪肉类,6.2,7.0,6.6,,,斤,2024-03-08 00:00:00,NULL,138,NULL,admin,NULL,NULL,NULL
1582077,月牙骨,1189,肉禽蛋,1205,猪肉类,17.0,20.0,18.5,,,斤,2024-03-08 00:00:00,NULL,138,NULL,admin,NULL,NULL,NULL
1582076,猪尾巴,1189,肉禽蛋,1205,猪肉类,45.0,50.0,47.5,,,斤,2024-03-08 00:00:00,NULL,138,NULL,admin,NULL,NULL,NULL
1582075,猪蹄,1189,肉禽蛋,1205,猪肉类,17.0,19.0,18.0,,,斤,2024-03-08 00:00:00,NULL,138,NULL,admin,NULL,NULL,NULL
1582074,纯排骨,1189,肉禽蛋,1205,猪肉类,17.0,20.0,18.5,,,斤,2024-03-08 00:00:00,NULL,138,NULL,admin,NULL,NULL,NULL
1582073,纯腔骨,1189,肉禽蛋,1205,猪肉类,6.5,8.0,7.25,,,斤,2024-03-08 00:00:00,NULL,138,NULL,admin,NULL,NULL,NULL
1582072,腔排骨,1189,肉禽蛋,1205,猪肉类,11.5,12.5,12.0,,,斤,2024-03-08 00:00:00,NULL,138,NULL,admin,NULL,NULL,NULL
1582071,梅花骨,1189,肉禽蛋,1205,猪肉类,8.0,9.0,8.5,,,斤,2024-03-08 00:00:00,NULL,138,NULL,admin,NULL,NULL,NULL
1582070,棒骨,1189,肉禽蛋,1205,猪肉类,7.5,8.5,8.0,,,斤,2024-03-08 00:00:00,NULL,138,NULL,admin,NULL,NULL,NULL
1582069,猪头,1189,肉禽蛋,1205,猪肉类,8.5,8.5,8.5,,,斤,2024-03-08 00:00:00,NULL,138,NULL,admin,NULL,NULL,NULL
1582068,猪口条,1189,肉禽蛋,1205,猪肉类,14.0,14.0,14.0,,,斤,2024-03-08 00:00:00,NULL,138,NULL,admin,NULL,NULL,NULL
1582067,猪耳,1189,肉禽蛋,1205,猪肉类,25.0,25.0,25.0,,,斤,2024-03-08 00:00:00,NULL,138,NULL,admin,NULL,NULL,NULL
1582066,猪脑,1189,肉禽蛋,1205,猪肉类,20.0,22.0,21.0,,,斤,2024-03-08 00:00:00,NULL,138,NULL,admin,NULL,NULL,NULL
1582065,猪肚,1189,肉禽蛋,1205,猪肉类,24.0,25.0,24.5,,,斤,2024-03-08 00:00:00,NULL,138,NULL,admin,NULL,NULL,NULL
1582064,猪板油,1189,肉禽蛋,1205,猪肉类,5.0,6.0,5.5,,,斤,2024-03-08 00:00:00,NULL,138,NULL,admin,NULL,NULL,NULL
1582063,肥膘肉,1189,肉禽蛋,1205,猪肉类,3.0,5.0,4.0,,,斤,2024-03-08 00:00:00,NULL,138,NULL,admin,NULL,NULL,NULL
1582062,猪腰子,1189,肉禽蛋,1205,猪肉类,23.0,24.0,23.5,,,斤,2024-03-08 00:00:00,NULL,138,NULL,admin,NULL,NULL,NULL
1582061,猪心,1189,肉禽蛋,1205,猪肉类,8.0,8.0,8.0,,,斤,2024-03-08 00:00:00,NULL,138,NULL,admin,NULL,NULL,NULL
1582060,猪肝,1189,肉禽蛋,1205,猪肉类,4.0,5.0,4.5,,,斤,2024-03-08 00:00:00,NULL,138,NULL,admin,NULL,NULL,NULL
1582059,猪肺,1189,肉禽蛋,1205,猪肉类,3.5,4.0,3.75,,,个,2024-03-08 00:00:00,NULL,138,NULL,admin,NULL,NULL,NULL
1582058,猪皮,1189,肉禽蛋,1205,猪肉类,4.0,5.0,4.5,,,斤,2024-03-08 00:00:00,NULL,138,NULL,admin,NULL,NULL,NULL
1582057,猪肠头,1189,肉禽蛋,1205,猪肉类,20.0,20.0,20.0,,,斤,2024-03-08 00:00:00,NULL,138,NULL,admin,NULL,NULL,NULL
1582056,猪肠,1189,肉禽蛋,1205,猪肉类,18.0,18.0,18.0,,,斤,2024-03-08 00:00:00,NULL,138,NULL,admin,NULL,NULL,NULL
1582055,整牛,1189,肉禽蛋,1206,牛肉类,25.5,26.0,25.75,,,斤,2024-03-08 00:00:00,NULL,138,NULL,admin,NULL,NULL,NULL
1582054,牛前腱,1189,肉禽蛋,1206,牛肉类,31.0,33.0,32.0,,,斤,2024-03-08 00:00:00,NULL,138,NULL,admin,NULL,NULL,NULL
1582053,牛后腱,1189,肉禽蛋,1206,牛肉类,31.0,32.0,31.5,,,斤,2024-03-08 00:00:00,NULL,138,NULL,admin,NULL,NULL,NULL
1582052,牛前腿,1189,肉禽蛋,1206,牛肉类,27.0,28.0,27.5,,,斤,2024-03-08 00:00:00,NULL,138,NULL,admin,NULL,NULL,NULL
1582051,牛后腿,1189,肉禽蛋,1206,牛肉类,27.0,28.0,27.5,,,斤,2024-03-08 00:00:00,NULL,138,NULL,admin,NULL,NULL,NULL
1582050,牛腰窝,1189,肉禽蛋,1206,牛肉类,29.0,30.0,29.5,,,斤,2024-03-08 00:00:00,NULL,138,NULL,admin,NULL,NULL,NULL
1582049,肥牛,1189,肉禽蛋,1206,牛肉类,28.0,35.0,31.5,,,斤,2024-03-08 00:00:00,NULL,138,NULL,admin,NULL,NULL,NULL
1582048,牛柳,1189,肉禽蛋,1206,牛肉类,33.0,34.0,33.5,,里脊,斤,2024-03-08 00:00:00,NULL,138,NULL,admin,NULL,NULL,NULL
1582047,精牛柳,1189,肉禽蛋,1206,牛肉类,35.0,35.0,35.0,,,斤,2024-03-08 00:00:00,NULL,138,NULL,admin,NULL,NULL,NULL
1582046,牛腩,1189,肉禽蛋,1206,牛肉类,27.0,28.0,27.5,,,斤,2024-03-08 00:00:00,NULL,138,NULL,admin,NULL,NULL,NULL
1582045,牛林,1189,肉禽蛋,1206,牛肉类,27.0,27.0,27.0,,,斤,2024-03-08 00:00:00,NULL,138,NULL,admin,NULL,NULL,NULL
1582044,牛金钱腱,1189,肉禽蛋,1206,牛肉类,48.0,50.0,49.0,,,斤,2024-03-08 00:00:00,NULL,138,NULL,admin,NULL,NULL,NULL
1582043,牛筋头巴脑,1189,肉禽蛋,1206,牛肉类,23.0,25.0,24.0,,,斤,2024-03-08 00:00:00,NULL,138,NULL,admin,NULL,NULL,NULL
1582042,牛宝,1189,肉禽蛋,1206,牛肉类,18.0,18.0,18.0,,,斤,2024-03-08 00:00:00,NULL,138,NULL,admin,NULL,NULL,NULL
1582041,牛鞭,1189,肉禽蛋,1206,牛肉类,65.0,70.0,67.5,,,斤,2024-03-08 00:00:00,NULL,138,NULL,admin,NULL,NULL,NULL
1582040,牛油,1189,肉禽蛋,1206,牛肉类,5.0,5.5,5.25,,,斤,2024-03-08 00:00:00,NULL,138,NULL,admin,NULL,NULL,NULL
1582039,牛心,1189,肉禽蛋,1206,牛肉类,7.0,8.0,7.5,,,斤,2024-03-08 00:00:00,NULL,138,NULL,admin,NULL,NULL,NULL
1582038,牛舌,1189,肉禽蛋,1206,牛肉类,27.0,29.0,28.0,,,斤,2024-03-08 00:00:00,NULL,138,NULL,admin,NULL,NULL,NULL
1582037,牛骨,1189,肉禽蛋,1206,牛肉类,4.5,5.0,4.75,,,斤,2024-03-08 00:00:00,NULL,138,NULL,admin,NULL,NULL,NULL
1582036,牛排骨,1189,肉禽蛋,1206,牛肉类,29.0,30.0,29.5,,,斤,2024-03-08 00:00:00,NULL,138,NULL,admin,NULL,NULL,NULL
1582035,牛蹄筋,1189,肉禽蛋,1206,牛肉类,24.0,25.0,24.5,,,斤,2024-03-08 00:00:00,NULL,138,NULL,admin,NULL,NULL,NULL
1582034,牛板筋,1189,肉禽蛋,1206,牛肉类,30.0,30.0,30.0,,,斤,2024-03-08 00:00:00,NULL,138,NULL,admin,NULL,NULL,NULL
1582033,牛心管,1189,肉禽蛋,1206,牛肉类,40.0,40.0,40.0,,,斤,2024-03-08 00:00:00,NULL,138,NULL,admin,NULL,NULL,NULL
1582032,牛肚,1189,肉禽蛋,1206,牛肉类,17.0,20.0,18.5,,,斤,2024-03-08 00:00:00,NULL,138,NULL,admin,NULL,NULL,NULL
1582031,牛腰子,1189,肉禽蛋,1206,牛肉类,8.0,10.0,9.0,,,斤,2024-03-08 00:00:00,NULL,138,NULL,admin,NULL,NULL,NULL
1582030,牛尾,1189,肉禽蛋,1206,牛肉类,28.0,32.0,30.0,,,斤,2024-03-08 00:00:00,NULL,138,NULL,admin,NULL,NULL,NULL
1582029,牛百叶,1189,肉禽蛋,1206,牛肉类,38.0,40.0,39.0,,,斤,2024-03-08 00:00:00,NULL,138,NULL,admin,NULL,NULL,NULL
1582028,牛上脑,1189,肉禽蛋,1206,牛肉类,27.0,28.0,27.5,,,斤,2024-03-08 00:00:00,NULL,138,NULL,admin,NULL,NULL,NULL
1582027,整羊,1189,肉禽蛋,1207,羊肉类,22.0,23.5,22.75,,,斤,2024-03-08 00:00:00,NULL,138,NULL,admin,NULL,NULL,NULL
1582026,去骨羊前腿,1189,肉禽蛋,1207,羊肉类,32.0,33.0,32.5,,,斤,2024-03-08 00:00:00,NULL,138,NULL,admin,NULL,NULL,NULL
1582025,去骨羊后腿,1189,肉禽蛋,1207,羊肉类,34.0,35.0,34.5,,,斤,2024-03-08 00:00:00,NULL,138,NULL,admin,NULL,NULL,NULL
1582024,羊腰窝,1189,肉禽蛋,1207,羊肉类,31.0,32.0,31.5,,,斤,2024-03-08 00:00:00,NULL,138,NULL,admin,NULL,NULL,NULL
1582023,羊肉片,1189,肉禽蛋,1207,羊肉类,28.0,35.0,31.5,,,斤,2024-03-08 00:00:00,NULL,138,NULL,admin,NULL,NULL,NULL
1582022,羊腰子,1189,肉禽蛋,1207,羊肉类,11.0,12.0,11.5,,挂油,个,2024-03-08 00:00:00,NULL,138,NULL,admin,NULL,NULL,NULL
1582021,羊蝎子,1189,肉禽蛋,1207,羊肉类,12.0,15.0,13.5,,普通,斤,2024-03-08 00:00:00,NULL,138,NULL,admin,NULL,NULL,NULL
1582020,羊蝎子,1189,肉禽蛋,1207,羊肉类,23.0,25.0,24.0,,精品,斤,2024-03-08 00:00:00,NULL,138,NULL,admin,NULL,NULL,NULL
1582019,羊排骨,1189,肉禽蛋,1207,羊肉类,23.0,24.0,23.5,,,斤,2024-03-08 00:00:00,NULL,138,NULL,admin,NULL,NULL,NULL
1582018,羊尾巴油,1189,肉禽蛋,1207,羊肉类,7.0,8.0,7.5,,,斤,2024-03-08 00:00:00,NULL,138,NULL,admin,NULL,NULL,NULL
1582017,羊小腿,1189,肉禽蛋,1207,羊肉类,20.0,20.0,20.0,,羊棒,斤,2024-03-08 00:00:00,NULL,138,NULL,admin,NULL,NULL,NULL
1582016,羊腱子肉,1189,肉禽蛋,1207,羊肉类,35.0,36.0,35.5,,,斤,2024-03-08 00:00:00,NULL,138,NULL,admin,NULL,NULL,NULL
1582015,羊蹄,1189,肉禽蛋,1207,羊肉类,15.0,15.0,15.0,,水褪,斤,2024-03-08 00:00:00,NULL,138,NULL,admin,NULL,NULL,NULL
1582014,羊头,1189,肉禽蛋,1207,羊肉类,13.0,13.0,13.0,,,斤,2024-03-08 00:00:00,NULL,138,NULL,admin,NULL,NULL,NULL
1582013,羊肝,1189,肉禽蛋,1207,羊肉类,6.5,7.0,6.75,,,斤,2024-03-08 00:00:00,NULL,138,NULL,admin,NULL,NULL,NULL
1582012,羊心,1189,肉禽蛋,1207,羊肉类,16.0,17.0,16.5,,,斤,2024-03-08 00:00:00,NULL,138,NULL,admin,NULL,NULL,NULL
1582011,羊肠,1189,肉禽蛋,1207,羊肉类,14.0,14.0,14.0,,,斤,2024-03-08 00:00:00,NULL,138,NULL,admin,NULL,NULL,NULL
1582010,羊肚,1189,肉禽蛋,1207,羊肉类,19.0,19.0,19.0,,,斤,2024-03-08 00:00:00,NULL,138,NULL,admin,NULL,NULL,NULL
1582009,羊鞭,1189,肉禽蛋,1207,羊肉类,70.0,70.0,70.0,,,斤,2024-03-08 00:00:00,NULL,138,NULL,admin,NULL,NULL,NULL
1582008,羊宝,1189,肉禽蛋,1207,羊肉类,30.0,30.0,30.0,,,斤,2024-03-08 00:00:00,NULL,138,NULL,admin,NULL,NULL,NULL
1582007,羊骨头,1189,肉禽蛋,1207,羊肉类,9.5,10.0,9.75,,,斤,2024-03-08 00:00:00,NULL,138,NULL,admin,NULL,NULL,NULL
1582006,羊上脑,1189,肉禽蛋,1207,羊肉类,34.0,36.0,35.0,,,斤,2024-03-08 00:00:00,NULL,138,NULL,admin,NULL,NULL,NULL
1582005,羊腩,1189,肉禽蛋,1207,羊肉类,24.0,25.0,24.5,,,斤,2024-03-08 00:00:00,NULL,138,NULL,admin,NULL,NULL,NULL
1582004,羊里脊,1189,肉禽蛋,1207,羊肉类,32.0,34.0,33.0,,,斤,2024-03-08 00:00:00,NULL,138,NULL,admin,NULL,NULL,NULL
1582003,淘汰鸡,1189,肉禽蛋,1208,禽蛋类,10.0,10.0,10.0,,干净膛,斤,2024-03-08 00:00:00,NULL,138,NULL,admin,NULL,NULL,NULL
1582002,淘汰鸡,1189,肉禽蛋,1208,禽蛋类,8.8,9.0,8.9,,净膛,斤,2024-03-08 00:00:00,NULL,138,NULL,admin,NULL,NULL,NULL
1582001,仔鸡,1189,肉禽蛋,1208,禽蛋类,6.8,7.2,7.0,,净膛,斤,2024-03-08 00:00:00,NULL,138,NULL,admin,NULL,NULL,NULL
1582000,肉鸡,1189,肉禽蛋,1208,禽蛋类,7.0,7.3,7.15,,,斤,2024-03-08 00:00:00,NULL,138,NULL,admin,NULL,NULL,NULL
1581999,鸡胸,1189,肉禽蛋,1208,禽蛋类,6.0,7.0,6.5,,,斤,2024-03-08 00:00:00,NULL,138,NULL,admin,NULL,NULL,NULL
1581998,鸡翅,1189,肉禽蛋,1208,禽蛋类,11.0,11.0,11.0,,,斤,2024-03-08 00:00:00,NULL,138,NULL,admin,NULL,NULL,NULL
1581997,鸡翅尖,1189,肉禽蛋,1208,禽蛋类,7.0,7.5,7.25,,,斤,2024-03-08 00:00:00,NULL,138,NULL,admin,NULL,NULL,NULL
1581996,鸡翅中,1189,肉禽蛋,1208,禽蛋类,21.0,21.0,21.0,,,斤,2024-03-08 00:00:00,NULL,138,NULL,admin,NULL,NULL,NULL
1581995,鸡翅根,1189,肉禽蛋,1208,禽蛋类,7.3,7.5,7.4,,,斤,2024-03-08 00:00:00,NULL,138,NULL,admin,NULL,NULL,NULL
1581994,鸡边腿,1189,肉禽蛋,1208,禽蛋类,6.3,6.5,6.4,,,斤,2024-03-08 00:00:00,NULL,138,NULL,admin,NULL,NULL,NULL
1581993,鸡排腿,1189,肉禽蛋,1208,禽蛋类,7.0,7.0,7.0,,,斤,2024-03-08 00:00:00,NULL,138,NULL,admin,NULL,NULL,NULL
1581992,鸡琵琶腿,1189,肉禽蛋,1208,禽蛋类,7.0,7.5,7.25,,,斤,2024-03-08 00:00:00,NULL,138,NULL,admin,NULL,NULL,NULL
1581991,鸡胗,1189,肉禽蛋,1208,禽蛋类,10.0,12.0,11.0,,,斤,2024-03-08 00:00:00,NULL,138,NULL,admin,NULL,NULL,NULL
1581990,鸡爪,1189,肉禽蛋,1208,禽蛋类,21.0,21.0,21.0,,,斤,2024-03-08 00:00:00,NULL,138,NULL,admin,NULL,NULL,NULL
1581989,鸡心,1189,肉禽蛋,1208,禽蛋类,5.0,5.0,5.0,,,斤,2024-03-08 00:00:00,NULL,138,NULL,admin,NULL,NULL,NULL
1581988,鸡肝,1189,肉禽蛋,1208,禽蛋类,3.0,3.0,3.0,,,斤,2024-03-08 00:00:00,NULL,138,NULL,admin,NULL,NULL,NULL
1581987,鸡脖子,1189,肉禽蛋,1208,禽蛋类,4.8,5.0,4.9,,去皮,斤,2024-03-08 00:00:00,NULL,138,NULL,admin,NULL,NULL,NULL
1581986,鸡头,1189,肉禽蛋,1208,禽蛋类,2.5,3.0,2.75,,,斤,2024-03-08 00:00:00,NULL,138,NULL,admin,NULL,NULL,NULL
1581985,鸡油,1189,肉禽蛋,1208,禽蛋类,5.5,5.5,5.5,,,斤,2024-03-08 00:00:00,NULL,138,NULL,admin,NULL,NULL,NULL
1581984,鸡架子,1189,肉禽蛋,1208,禽蛋类,3.5,4.0,3.75,,,斤,2024-03-08 00:00:00,NULL,138,NULL,admin,NULL,NULL,NULL
1581983,白条乌鸡,1189,肉禽蛋,1208,禽蛋类,12.0,12.0,12.0,,净膛,斤,2024-03-08 00:00:00,NULL,138,NULL,admin,NULL,NULL,NULL
1581982,黑爪公鸡,1189,肉禽蛋,1208,禽蛋类,11.0,12.0,11.5,,净膛,斤,2024-03-08 00:00:00,NULL,138,NULL,admin,NULL,NULL,NULL
1581981,白条鹅,1189,肉禽蛋,1208,禽蛋类,11.0,13.0,12.0,,净膛,斤,2024-03-08 00:00:00,NULL,138,NULL,admin,NULL,NULL,NULL
1581980,白条湖鸭,1189,肉禽蛋,1208,禽蛋类,6.0,8.0,7.0,,,斤,2024-03-08 00:00:00,NULL,138,NULL,admin,NULL,NULL,NULL
1581979,鸭肠,1189,肉禽蛋,1208,禽蛋类,7.0,8.0,7.5,,,斤,2024-03-08 00:00:00,NULL,138,NULL,admin,NULL,NULL,NULL
1581978,鸭肝,1189,肉禽蛋,1208,禽蛋类,2.5,2.5,2.5,,,斤,2024-03-08 00:00:00,NULL,138,NULL,admin,NULL,NULL,NULL
1581977,鸭头,1189,肉禽蛋,1208,禽蛋类,9.5,11.0,10.25,,,斤,2024-03-08 00:00:00,NULL,138,NULL,admin,NULL,NULL,NULL
1581976,鸭心,1189,肉禽蛋,1208,禽蛋类,4.5,5.0,4.75,,,斤,2024-03-08 00:00:00,NULL,138,NULL,admin,NULL,NULL,NULL
1581975,鸭腿,1189,肉禽蛋,1208,禽蛋类,5.8,6.5,6.15,,,斤,2024-03-08 00:00:00,NULL,138,NULL,admin,NULL,NULL,NULL
1581974,鸭胗,1189,肉禽蛋,1208,禽蛋类,14.5,15.0,14.75,,,斤,2024-03-08 00:00:00,NULL,138,NULL,admin,NULL,NULL,NULL
1581973,鸭脖子,1189,肉禽蛋,1208,禽蛋类,9.0,10.0,9.5,,去皮,斤,2024-03-08 00:00:00,NULL,138,NULL,admin,NULL,NULL,NULL
1581972,白条乳鸽,1189,肉禽蛋,1208,禽蛋类,20.0,23.0,21.5,,,只,2024-03-08 00:00:00,NULL,138,NULL,admin,NULL,NULL,NULL
1581971,白条兔,1189,肉禽蛋,1208,禽蛋类,23.0,25.0,24.0,,鲜,斤,2024-03-08 00:00:00,NULL,138,NULL,admin,NULL,NULL,NULL
1581970,箱鸡蛋,1189,肉禽蛋,1208,禽蛋类,164.0,170.0,167.0,,净44斤,箱,2024-03-08 00:00:00,NULL,138,NULL,admin,NULL,NULL,NULL
1581969,箱鸡蛋,1189,肉禽蛋,1208,禽蛋类,3.73,3.86,3.8,,,斤,2024-03-08 00:00:00,NULL,138,NULL,admin,NULL,NULL,NULL
1581968,散鸡蛋,1189,肉禽蛋,1208,禽蛋类,4.3,4.3,4.3,,,斤,2024-03-08 00:00:00,NULL,138,NULL,admin,NULL,NULL,NULL
1581967,生鸭蛋,1189,肉禽蛋,1208,禽蛋类,6.6,7.5,7.05,,,斤,2024-03-08 00:00:00,NULL,138,NULL,admin,NULL,NULL,NULL
1581966,熟鸭蛋,1189,肉禽蛋,1208,禽蛋类,8.3,10.0,9.15,,,斤,2024-03-08 00:00:00,NULL,138,NULL,admin,NULL,NULL,NULL
1581965,松花蛋,1189,肉禽蛋,1208,禽蛋类,7.0,10.0,8.5,,,斤,2024-03-08 00:00:00,NULL,138,NULL,admin,NULL,NULL,NULL
1581964,鹅蛋,1189,肉禽蛋,1208,禽蛋类,15.5,18.5,17.0,,,斤,2024-03-08 00:00:00,NULL,138,NULL,admin,NULL,NULL,NULL
1581963,鹌鹑蛋,1189,肉禽蛋,1208,禽蛋类,5.3,7.0,6.15,,,斤,2024-03-08 00:00:00,NULL,138,NULL,admin,NULL,NULL,NULL
1581962,柴鸡蛋,1189,肉禽蛋,1208,禽蛋类,4.09,8.2,6.15,,,斤,2024-03-08 00:00:00,NULL,138,NULL,admin,NULL,NULL,NULL
1581961,乌鸡蛋,1189,肉禽蛋,1208,禽蛋类,7.5,8.5,8.0,,,斤,2024-03-08 00:00:00,NULL,138,NULL,admin,NULL,NULL,NULL
1581960,大雁蛋,1189,肉禽蛋,1208,禽蛋类,15.0,17.5,16.25,,,斤,2024-03-08 00:00:00,NULL,138,NULL,admin,NULL,NULL,NULL
1581959,变蛋,1189,肉禽蛋,1208,禽蛋类,0.7,1.0,0.85,,,个,2024-03-08 00:00:00,NULL,138,NULL,admin,NULL,NULL,NULL
